GameObject Name,Mesh Name,Global Position,Material Count,Material Properties,Poly Count
PT_Grass_02_LOD2,PT_Grass_02_LOD2,(26.06, -0.05, 19.42),1,Mobile/Bumped Diffuse,18
PT_Grass_02 (56),N/A,(26.06, -0.05, 19.42),0,,N/A
Rock_02_LOD2,Rock_02_LOD2,(0.71, -0.77, 13.12),1,Mobile/Bumped Diffuse,222
Rock_02_LOD1,Rock_02_LOD1,(0.71, -0.77, 13.12),1,Mobile/Bumped Diffuse,466
Rock_02_LOD0 ,Rock_02_LOD0 ,(0.71, -0.77, 13.12),1,Mobile/Bumped Diffuse,846
Rock_02 (2),N/A,(0.79, -0.77, 13.13),0,,N/A
Lemon Tree 4,Lemon Tree 4 no fruits,(-24.60, 0.11, -27.94),2,Mobile/Bumped Diffuse,Mobile/Bumped Diffuse,1038
PT_Grass_02_LOD2,PT_Grass_02_LOD2,(21.15, -0.05, 20.93),1,Mobile/Bumped Diffuse,18
PT_Grass_02 (6),N/A,(21.15, -0.05, 20.93),0,,N/A
Fern1 (2),Fern1,(12.07, -2.26, 17.51),1,Standard (Specular setup),6
Lemon Tree 4 (27),Lemon Tree 4 no fruits,(-28.56, 0.42, -5.21),2,Mobile/Bumped Diffuse,Mobile/Bumped Diffuse,1038
PT_Poppy_02_LOD2,PT_Poppy_02_LOD2,(-17.06, 0.06, -9.07),1,Mobile/Bumped Diffuse,25
PT_Poppy_02_LOD1,PT_Poppy_02_LOD1,(-17.06, 0.06, -9.07),1,Mobile/Bumped Diffuse,40
PT_Poppy_02_LOD0,PT_Poppy_02_LOD0,(-17.06, 0.06, -9.07),1,Mobile/Bumped Diffuse,71
PT_Poppy_02 (47),N/A,(-17.06, 0.06, -9.07),0,,N/A
PT_Poppy_02_LOD2,PT_Poppy_02_LOD2,(27.87, 0.06, -11.42),1,Mobile/Bumped Diffuse,25
PT_Poppy_02_LOD1,PT_Poppy_02_LOD1,(27.87, 0.06, -11.42),1,Mobile/Bumped Diffuse,40
PT_Poppy_02_LOD0,PT_Poppy_02_LOD0,(27.87, 0.06, -11.42),1,Mobile/Bumped Diffuse,71
PT_Poppy_02 (54),N/A,(27.87, 0.06, -11.42),0,,N/A
SupportPosts_Right,SupportPosts_Right,(-1.76, -1.02, 15.05),1,Standard,308
SupportPosts_Left,SupportPosts_Left,(-1.76, -0.44, 15.05),1,Standard,308
Support_Posts,N/A,(-1.76, -0.44, 15.05),0,,N/A
TopRails,TopRails,(13.43, 1.19, 19.83),1,Standard,528
BottomRails,BottomRails,(13.49, -0.38, 14.95),1,Standard,264
Rails,N/A,(13.46, 0.39, 17.39),0,,N/A
DeckBoards_Set3,DeckBoards_Set3,(-2.48, 0.03, 17.44),1,Standard,668
DeckBoards_Set2,DeckBoards_Set2,(4.83, 0.03, 17.60),1,Standard,816
DeckBoards_Set1,DeckBoards_Set1,(12.00, 0.03, 17.68),1,Standard,774
Deck_Boards,N/A,(4.83, 0.03, 17.58),0,,N/A
swamp-bridge-4k-ready_2016,N/A,(5.84, 0.06, 16.91),0,,N/A
Fern3 (15),Fern3,(-20.61, 0.11, -11.79),1,Standard (Specular setup),276
PT_Poppy_02_LOD2,PT_Poppy_02_LOD2,(-23.39, 0.06, -4.68),1,Mobile/Bumped Diffuse,25
PT_Poppy_02_LOD1,PT_Poppy_02_LOD1,(-23.39, 0.06, -4.68),1,Mobile/Bumped Diffuse,40
PT_Poppy_02_LOD0,PT_Poppy_02_LOD0,(-23.39, 0.06, -4.68),1,Mobile/Bumped Diffuse,71
PT_Poppy_02 (50),N/A,(-23.39, 0.06, -4.68),0,,N/A
PT_River_Rock_Pile_02_LOD2,PT_River_Rock_Pile_02_LOD2,(-32.32, 0.12, -22.00),1,Mobile/Bumped Diffuse,83
PT_River_Rock_Pile_02_LOD1,PT_River_Rock_Pile_02_LOD1,(-32.32, 0.12, -22.00),1,Mobile/Bumped Diffuse,163
PT_River_Rock_Pile_02_LOD0,PT_River_Rock_Pile_02_LOD0,(-32.32, 0.12, -22.00),1,Mobile/Bumped Diffuse,302
PT_River_Rock_Pile_02 (2),N/A,(-32.32, 0.12, -22.00),0,,N/A
PT_Modular_Fence_Wood_02 (29),PT_Modular_Fence_Wood_02,(20.58, 0.07, -8.06),1,Polytope Studio/ PT_Medieval Buildings Shader PBR,348
PT_Poppy_02_LOD2,PT_Poppy_02_LOD2,(-16.43, 0.06, -9.44),1,Mobile/Bumped Diffuse,25
PT_Poppy_02_LOD1,PT_Poppy_02_LOD1,(-16.43, 0.06, -9.44),1,Mobile/Bumped Diffuse,40
PT_Poppy_02_LOD0,PT_Poppy_02_LOD0,(-16.43, 0.06, -9.44),1,Mobile/Bumped Diffuse,71
PT_Poppy_02 (42),N/A,(-16.43, 0.06, -9.44),0,,N/A
PT_Poppy_02_LOD2,PT_Poppy_02_LOD2,(-17.10, 0.06, -10.95),1,Mobile/Bumped Diffuse,25
PT_Poppy_02_LOD1,PT_Poppy_02_LOD1,(-17.10, 0.06, -10.95),1,Mobile/Bumped Diffuse,40
PT_Poppy_02_LOD0,PT_Poppy_02_LOD0,(-17.10, 0.06, -10.95),1,Mobile/Bumped Diffuse,71
PT_Poppy_02 (21),N/A,(-17.10, 0.06, -10.95),0,,N/A
PT_River_Rock_Pile_02_LOD2,PT_River_Rock_Pile_02_LOD2,(-5.69, 0.12, 12.86),1,Mobile/Bumped Diffuse,83
PT_River_Rock_Pile_02_LOD1,PT_River_Rock_Pile_02_LOD1,(-5.69, 0.12, 12.86),1,Mobile/Bumped Diffuse,163
PT_River_Rock_Pile_02_LOD0,PT_River_Rock_Pile_02_LOD0,(-5.69, 0.12, 12.86),1,Mobile/Bumped Diffuse,302
PT_River_Rock_Pile_02 (5),N/A,(-5.69, 0.12, 12.86),0,,N/A
Lemon Tree 4 (5),Lemon Tree 4 no fruits,(28.54, 0.23, -1.70),2,Mobile/Bumped Diffuse,Mobile/Bumped Diffuse,1038
PT_Grass_02_LOD2,PT_Grass_02_LOD2,(26.78, -0.05, 16.94),1,Mobile/Bumped Diffuse,18
PT_Grass_02 (95),N/A,(26.78, -0.05, 16.94),0,,N/A
Flower8 (6),Flower8,(21.24, 0.11, -10.62),1,Standard (Specular setup),111
PT_Modular_Fence_Wood_02 (15),PT_Modular_Fence_Wood_02,(24.49, 0.07, -12.82),1,Polytope Studio/ PT_Medieval Buildings Shader PBR,348
Flower8 (12),Flower8,(20.84, 0.11, -2.79),1,Standard (Specular setup),111
PT_Grass_02_LOD2,PT_Grass_02_LOD2,(23.45, -0.05, 21.20),1,Mobile/Bumped Diffuse,18
PT_Grass_02 (24),N/A,(23.45, -0.05, 21.20),0,,N/A
Flower3 (5),Flower3,(27.32, 0.11, -11.81),1,Standard (Specular setup),62
Rock_02_LOD2,Rock_02_LOD2,(2.04, -0.77, 21.18),1,Mobile/Bumped Diffuse,222
Rock_02_LOD1,Rock_02_LOD1,(2.04, -0.77, 21.18),1,Mobile/Bumped Diffuse,466
Rock_02_LOD0 ,Rock_02_LOD0 ,(2.04, -0.77, 21.18),1,Mobile/Bumped Diffuse,846
Rock_02,N/A,(2.05, -0.77, 21.25),0,,N/A
Fern3 (8),Fern3,(-31.89, 0.11, -5.29),1,Standard (Specular setup),276
PT_Grass_02_LOD2,PT_Grass_02_LOD2,(28.20, -0.05, 17.74),1,Mobile/Bumped Diffuse,18
PT_Grass_02 (71),N/A,(28.20, -0.05, 17.74),0,,N/A
Stone1_LOD2,Stone1_LOD2,(20.77, 0.10, -10.14),1,Mobile/Bumped Diffuse,50
Stone1_LOD1,Stone1_LOD1,(20.77, 0.10, -10.14),1,Mobile/Bumped Diffuse,87
Stone1_LOD0,Stone1_LOD0,(20.77, 0.10, -10.14),1,Mobile/Bumped Diffuse,119
Stone1 (1),N/A,(20.77, 0.10, -10.14),0,,N/A
Rock_05_LOD2,Rock_05_LOD2,(9.05, -1.17, 22.12),1,Mobile/Bumped Diffuse,218
Rock_05_LOD1,Rock_05_LOD1,(9.05, -1.17, 22.12),1,Mobile/Bumped Diffuse,442
Rock_05_LOD0,Rock_05_LOD0,(9.05, -1.17, 22.12),1,Mobile/Bumped Diffuse,916
Rock_05 (2),N/A,(9.05, -1.17, 22.12),0,,N/A
PT_Modular_Fence_Wood_02 (16),PT_Modular_Fence_Wood_02,(23.88, 0.07, -12.81),1,Polytope Studio/ PT_Medieval Buildings Shader PBR,348
PT_Grass_02_LOD2,PT_Grass_02_LOD2,(28.49, -0.05, 16.18),1,Mobile/Bumped Diffuse,18
PT_Grass_02 (66),N/A,(28.49, -0.05, 16.18),0,,N/A
PT_Modular_Fence_Wood_02 (11),PT_Modular_Fence_Wood_02,(26.87, 0.07, -12.86),1,Polytope Studio/ PT_Medieval Buildings Shader PBR,348
PT_Poppy_02_LOD2,PT_Poppy_02_LOD2,(21.42, 0.06, -7.09),1,Mobile/Bumped Diffuse,25
PT_Poppy_02_LOD1,PT_Poppy_02_LOD1,(21.42, 0.06, -7.09),1,Mobile/Bumped Diffuse,40
PT_Poppy_02_LOD0,PT_Poppy_02_LOD0,(21.42, 0.06, -7.09),1,Mobile/Bumped Diffuse,71
PT_Poppy_02 (52),N/A,(21.42, 0.06, -7.09),0,,N/A
PT_Fruit_Tree_01_plums_LOD2,PT_Fruit_Tree_01_plums_LOD2,(-24.64, 0.14, -21.10),2,Mobile/Bumped Diffuse,Mobile/Bumped Diffuse,917
PT_Fruit_Tree_01_plums_LOD1,PT_Fruit_Tree_01_plums_LOD1,(-24.64, 0.14, -21.10),2,Mobile/Bumped Diffuse,Mobile/Bumped Diffuse,1593
PT_Fruit_Tree_01_plums_LOD0,PT_Fruit_Tree_01_plums_LOD0,(-24.64, 0.14, -21.10),2,Mobile/Bumped Diffuse,Mobile/Bumped Diffuse,2678
PT_Fruit_Tree_01_plums (1),N/A,(-24.64, 0.14, -21.10),0,,N/A
PT_Poppy_02_LOD2,PT_Poppy_02_LOD2,(21.62, 0.06, -7.13),1,Mobile/Bumped Diffuse,25
PT_Poppy_02_LOD1,PT_Poppy_02_LOD1,(21.62, 0.06, -7.13),1,Mobile/Bumped Diffuse,40
PT_Poppy_02_LOD0,PT_Poppy_02_LOD0,(21.62, 0.06, -7.13),1,Mobile/Bumped Diffuse,71
PT_Poppy_02 (53),N/A,(21.62, 0.06, -7.13),0,,N/A
PT_Grass_02_LOD2,PT_Grass_02_LOD2,(24.06, -0.05, 21.20),1,Mobile/Bumped Diffuse,18
PT_Grass_02 (26),N/A,(24.06, -0.05, 21.20),0,,N/A
PT_River_Rock_Pile_02_LOD2,PT_River_Rock_Pile_02_LOD2,(-32.51, 0.12, -11.98),1,Mobile/Bumped Diffuse,83
PT_River_Rock_Pile_02_LOD1,PT_River_Rock_Pile_02_LOD1,(-32.51, 0.12, -11.98),1,Mobile/Bumped Diffuse,163
PT_River_Rock_Pile_02_LOD0,PT_River_Rock_Pile_02_LOD0,(-32.51, 0.12, -11.98),1,Mobile/Bumped Diffuse,302
PT_River_Rock_Pile_02 (5),N/A,(-32.51, 0.12, -11.98),0,,N/A
Flower8 (1),Flower8,(28.83, 0.11, -0.07),1,Standard (Specular setup),111
PT_Poppy_02_LOD2,PT_Poppy_02_LOD2,(-19.67, 0.06, -10.51),1,Mobile/Bumped Diffuse,25
PT_Poppy_02_LOD1,PT_Poppy_02_LOD1,(-19.67, 0.06, -10.51),1,Mobile/Bumped Diffuse,40
PT_Poppy_02_LOD0,PT_Poppy_02_LOD0,(-19.67, 0.06, -10.51),1,Mobile/Bumped Diffuse,71
PT_Poppy_02 (16),N/A,(-19.67, 0.06, -10.51),0,,N/A
Plant4 (4),Plant4,(-32.25, 0.12, -12.33),1,Standard (Specular setup),84
PT_Grass_02_LOD2,PT_Grass_02_LOD2,(24.05, -0.05, 20.32),1,Mobile/Bumped Diffuse,18
PT_Grass_02 (20),N/A,(24.05, -0.05, 20.32),0,,N/A
Fern1 (1),Fern1,(7.86, -2.26, 23.93),1,Standard (Specular setup),6
Flower3 (4),Flower3,(23.28, 0.11, -11.63),1,Standard (Specular setup),62
PT_Modular_Fence_Wood_02 (18),PT_Modular_Fence_Wood_02,(22.64, 0.07, -12.79),1,Polytope Studio/ PT_Medieval Buildings Shader PBR,348
Circular Plane (4),Circular Plane,(9.43, -2.18, 19.17),1,Standard (Specular setup),512
PT_Modular_Fence_Wood_02 (24),PT_Modular_Fence_Wood_02,(20.58, 0.07, -10.98),1,Polytope Studio/ PT_Medieval Buildings Shader PBR,348
PT_Poppy_02_LOD2,PT_Poppy_02_LOD2,(-16.29, 0.06, -9.34),1,Mobile/Bumped Diffuse,25
PT_Poppy_02_LOD1,PT_Poppy_02_LOD1,(-16.29, 0.06, -9.34),1,Mobile/Bumped Diffuse,40
PT_Poppy_02_LOD0,PT_Poppy_02_LOD0,(-16.29, 0.06, -9.34),1,Mobile/Bumped Diffuse,71
PT_Poppy_02 (41),N/A,(-16.29, 0.06, -9.34),0,,N/A
PT_Modular_Fence_Wood_02 (10),PT_Modular_Fence_Wood_02,(27.44, 0.07, -12.87),1,Polytope Studio/ PT_Medieval Buildings Shader PBR,348
Rock_03_LOD0,Rock_03_LOD0,(-31.49, 0.12, -4.54),1,Mobile/Bumped Diffuse,876
Rock_03 (3),N/A,(-31.49, 0.12, -4.54),0,,N/A
PT_Poppy_02_LOD2,PT_Poppy_02_LOD2,(-27.21, 0.02, -29.37),1,Mobile/Bumped Diffuse,25
PT_Poppy_02_LOD1,PT_Poppy_02_LOD1,(-27.21, 0.02, -29.37),1,Mobile/Bumped Diffuse,40
PT_Poppy_02_LOD0,PT_Poppy_02_LOD0,(-27.21, 0.02, -29.37),1,Mobile/Bumped Diffuse,71
PT_Poppy_02 (8),N/A,(-27.21, 0.02, -29.37),0,,N/A
PT_Grass_02_LOD2,PT_Grass_02_LOD2,(23.45, -0.05, 20.63),1,Mobile/Bumped Diffuse,18
PT_Grass_02 (23),N/A,(23.45, -0.05, 20.63),0,,N/A
Lemon Tree 4 (8),Lemon Tree 4 no fruits,(-32.53, 0.42, -16.85),2,Mobile/Bumped Diffuse,Mobile/Bumped Diffuse,1038
Bush1,Bush1,(0.42, -0.90, 14.47),1,Standard (Specular setup),54
Lemon Tree 4 (10),Lemon Tree 4 no fruits,(-30.58, 0.29, -29.72),2,Mobile/Bumped Diffuse,Mobile/Bumped Diffuse,1038
PT_Modular_Fence_Wood_02 (31),PT_Modular_Fence_Wood_02,(20.58, 0.07, -6.90),1,Polytope Studio/ PT_Medieval Buildings Shader PBR,348
Plant1 (1),Plant1,(12.34, -2.26, 26.41),1,Standard (Specular setup),50
PT_Poppy_02_LOD2,PT_Poppy_02_LOD2,(-16.50, 0.06, -6.64),1,Mobile/Bumped Diffuse,25
PT_Poppy_02_LOD1,PT_Poppy_02_LOD1,(-16.50, 0.06, -6.64),1,Mobile/Bumped Diffuse,40
PT_Poppy_02_LOD0,PT_Poppy_02_LOD0,(-16.50, 0.06, -6.64),1,Mobile/Bumped Diffuse,71
PT_Poppy_02 (23),N/A,(-16.50, 0.06, -6.64),0,,N/A
PT_Grass_02_LOD2,PT_Grass_02_LOD2,(20.00, -0.05, 20.09),1,Mobile/Bumped Diffuse,18
PT_Grass_02 (89),N/A,(20.00, -0.05, 20.09),0,,N/A
Rock_04_LOD2,Rock_04_LOD2,(24.22, -0.72, 23.98),1,Mobile/Bumped Diffuse,258
Rock_04_LOD1,Rock_04_LOD1,(24.22, -0.72, 23.98),1,Mobile/Bumped Diffuse,458
Rock_04_LOD0,Rock_04_LOD0,(24.22, -1.16, 23.98),1,Mobile/Bumped Diffuse,996
Rock_04,N/A,(24.22, -0.72, 23.98),0,,N/A
Pine_stump_LOD2,Pine_stump_LOD2,(28.72, 0.12, -3.24),1,Mobile/Bumped Diffuse,80
Pine_stump_LOD1,Pine_stump_LOD1,(28.72, 0.12, -3.24),1,Mobile/Bumped Diffuse,306
Pine_stump_LOD0,Pine_stump_LOD0,(28.72, 0.12, -3.24),1,Mobile/Bumped Diffuse,532
Pine_stump,N/A,(28.72, 0.12, -3.24),0,,N/A
PT_Fruit_Tree_01_apples_LOD2,PT_Fruit_Tree_01_apples_LOD2,(21.59, 0.40, 0.72),2,Mobile/Bumped Diffuse,Mobile/Bumped Diffuse,917
PT_Fruit_Tree_01_apples_LOD1,PT_Fruit_Tree_01_apples_LOD1,(21.59, 0.40, 0.72),2,Mobile/Bumped Diffuse,Mobile/Bumped Diffuse,1781
PT_Fruit_Tree_01_apples_LOD0,PT_Fruit_Tree_01_apples_LOD0,(21.59, 0.40, 0.72),2,Mobile/Bumped Diffuse,Mobile/Bumped Diffuse,2870
PT_Fruit_Tree_01_apples (1),N/A,(21.59, 0.40, 0.72),0,,N/A
Fern3 (13),Fern3,(-18.87, 0.11, -10.70),1,Standard (Specular setup),276
PT_Poppy_02_LOD2,PT_Poppy_02_LOD2,(-32.07, 0.06, -24.72),1,Mobile/Bumped Diffuse,25
PT_Poppy_02_LOD1,PT_Poppy_02_LOD1,(-32.07, 0.06, -24.72),1,Mobile/Bumped Diffuse,40
PT_Poppy_02_LOD0,PT_Poppy_02_LOD0,(-32.07, 0.06, -24.72),1,Mobile/Bumped Diffuse,71
PT_Poppy_02 (9),N/A,(-32.07, 0.06, -24.72),0,,N/A
Lemon Tree 1,Lemon Tree 1 no fruits,(-25.07, 0.06, -26.53),2,Mobile/Bumped Diffuse,Mobile/Bumped Diffuse,35
PT_Grass_02_LOD2,PT_Grass_02_LOD2,(20.65, -0.05, 21.57),1,Mobile/Bumped Diffuse,18
PT_Grass_02 (84),N/A,(20.65, -0.05, 21.57),0,,N/A
PT_Modular_Fence_Wood_02 (9),PT_Modular_Fence_Wood_02,(28.03, 0.07, -12.88),1,Polytope Studio/ PT_Medieval Buildings Shader PBR,348
Fern3 (12),Fern3,(-18.03, 0.11, -10.82),1,Standard (Specular setup),276
PT_Poppy_02_LOD2,PT_Poppy_02_LOD2,(-16.73, 0.06, -9.00),1,Mobile/Bumped Diffuse,25
PT_Poppy_02_LOD1,PT_Poppy_02_LOD1,(-16.73, 0.06, -9.00),1,Mobile/Bumped Diffuse,40
PT_Poppy_02_LOD0,PT_Poppy_02_LOD0,(-16.73, 0.06, -9.00),1,Mobile/Bumped Diffuse,71
PT_Poppy_02 (45),N/A,(-16.73, 0.06, -9.00),0,,N/A
PT_Grass_02_LOD2,PT_Grass_02_LOD2,(21.15, -0.05, 21.29),1,Mobile/Bumped Diffuse,18
PT_Grass_02 (78),N/A,(21.15, -0.05, 21.29),0,,N/A
Rock_05_LOD2,Rock_05_LOD2,(-15.82, 0.13, -9.87),1,Mobile/Bumped Diffuse,218
Rock_05_LOD1,Rock_05_LOD1,(-15.82, 0.13, -9.87),1,Mobile/Bumped Diffuse,442
Rock_05_LOD0,Rock_05_LOD0,(-15.82, 0.13, -9.87),1,Mobile/Bumped Diffuse,916
Rock_05,N/A,(-15.82, 0.13, -9.87),0,,N/A
PT_Grass_02_LOD2,PT_Grass_02_LOD2,(25.66, -0.05, 20.96),1,Mobile/Bumped Diffuse,18
PT_Grass_02 (35),N/A,(25.66, -0.05, 20.96),0,,N/A
Lemon Tree 4 (7),Lemon Tree 4 no fruits,(20.94, 0.23, 4.44),2,Mobile/Bumped Diffuse,Mobile/Bumped Diffuse,1038
PT_Modular_Fence_Wood_02 (4),PT_Modular_Fence_Wood_02,(29.17, 0.07, -11.92),1,Polytope Studio/ PT_Medieval Buildings Shader PBR,348
PT_Grass_02_LOD2,PT_Grass_02_LOD2,(20.00, -0.05, 15.17),1,Mobile/Bumped Diffuse,18
PT_Grass_02 (88),N/A,(20.00, -0.05, 15.17),0,,N/A
Rock2,Rock2,(-6.17, -2.26, 25.22),1,Mobile/Bumped Diffuse,492
Rock_04_LOD2,Rock_04_LOD2,(15.24, -0.62, 21.96),1,Mobile/Bumped Diffuse,258
Rock_04_LOD1,Rock_04_LOD1,(15.24, -0.62, 21.96),1,Mobile/Bumped Diffuse,458
Rock_04_LOD0,Rock_04_LOD0,(15.24, -0.62, 21.96),1,Mobile/Bumped Diffuse,996
Rock_04,N/A,(15.24, -0.62, 21.96),0,,N/A
Rock1 (5),Rock1,(21.04, 0.06, -6.65),1,Mobile/Bumped Diffuse,658
PT_Poppy_02_LOD2,PT_Poppy_02_LOD2,(-16.31, 0.06, -6.67),1,Mobile/Bumped Diffuse,25
PT_Poppy_02_LOD1,PT_Poppy_02_LOD1,(-16.31, 0.06, -6.67),1,Mobile/Bumped Diffuse,40
PT_Poppy_02_LOD0,PT_Poppy_02_LOD0,(-16.31, 0.06, -6.67),1,Mobile/Bumped Diffuse,71
PT_Poppy_02 (26),N/A,(-16.31, 0.06, -6.67),0,,N/A
PT_Grass_02_LOD2,PT_Grass_02_LOD2,(28.19, -0.05, 19.01),1,Mobile/Bumped Diffuse,18
PT_Grass_02 (48),N/A,(28.19, -0.05, 19.01),0,,N/A
Plant2 (2),Plant2,(-29.09, 0.12, -29.25),1,Standard (Specular setup),30
Rock_03_LOD0,Rock_03_LOD0,(27.88, 0.12, -12.47),1,Mobile/Bumped Diffuse,876
Rock_03 (8),N/A,(27.88, 0.12, -12.47),0,,N/A
PT_Grass_02_LOD2,PT_Grass_02_LOD2,(25.80, -0.05, 18.23),1,Mobile/Bumped Diffuse,18
PT_Grass_02 (96),N/A,(25.80, -0.05, 18.23),0,,N/A
PT_Poppy_02_LOD2,PT_Poppy_02_LOD2,(-25.57, 0.06, -21.11),1,Mobile/Bumped Diffuse,25
PT_Poppy_02_LOD1,PT_Poppy_02_LOD1,(-25.57, 0.06, -21.11),1,Mobile/Bumped Diffuse,40
PT_Poppy_02_LOD0,PT_Poppy_02_LOD0,(-25.57, 0.06, -21.11),1,Mobile/Bumped Diffuse,71
PT_Poppy_02 (1),N/A,(-25.57, 0.06, -21.11),0,,N/A
PT_Grass_02_LOD2,PT_Grass_02_LOD2,(23.39, -0.05, 21.40),1,Mobile/Bumped Diffuse,18
PT_Grass_02 (17),N/A,(23.39, -0.05, 21.40),0,,N/A
Flower5 (1),Flower5,(-32.27, 0.10, -24.18),1,Standard (Specular setup),154
Plant4 (13),Plant4,(-16.98, 0.12, -11.40),1,Standard (Specular setup),84
Nest_03_LOD2,Nest_03_LOD2,(-32.78, 2.21, -22.43),2,Mobile/Bumped Diffuse,Standard,906
Nest_03_LOD1,Nest_03_LOD1,(-32.78, 2.21, -22.43),2,Mobile/Bumped Diffuse,Standard,2268
Nest_03_LOD0,Nest_03_LOD0,(-32.78, 2.21, -22.43),2,Mobile/Bumped Diffuse,Standard,4536
PT_Fruit_Tree_01_plums_LOD2,PT_Fruit_Tree_01_plums_LOD2,(-15.96, 0.11, -9.11),2,Mobile/Bumped Diffuse,Mobile/Bumped Diffuse,917
PT_Fruit_Tree_01_plums_LOD1,PT_Fruit_Tree_01_plums_LOD1,(-15.96, 0.11, -9.11),2,Mobile/Bumped Diffuse,Mobile/Bumped Diffuse,1593
PT_Fruit_Tree_01_plums_LOD0,PT_Fruit_Tree_01_plums_LOD0,(-15.96, 0.11, -9.11),2,Mobile/Bumped Diffuse,Mobile/Bumped Diffuse,2678
PT_Fruit_Tree_01_plums (4),N/A,(-15.96, 0.11, -9.11),0,,N/A
PT_Caesars_Mushroom_01,PT_Caesars_Mushroom_01,(-25.43, 0.04, -19.45),1,Polytope Studio/PT_Vegetation_Opaque_Shader,64
PT_Grass_02_LOD2,PT_Grass_02_LOD2,(20.54, -0.05, 14.45),1,Mobile/Bumped Diffuse,18
PT_Grass_02,N/A,(20.54, -0.05, 14.45),0,,N/A
Fern1 (2),Fern1,(-24.79, 0.03, -14.85),1,Standard (Specular setup),6
PT_River_Rock_Pile_02_LOD2,PT_River_Rock_Pile_02_LOD2,(-7.38, 0.12, 21.93),1,Mobile/Bumped Diffuse,83
PT_River_Rock_Pile_02_LOD1,PT_River_Rock_Pile_02_LOD1,(-7.38, 0.12, 21.93),1,Mobile/Bumped Diffuse,163
PT_River_Rock_Pile_02_LOD0,PT_River_Rock_Pile_02_LOD0,(-7.38, 0.12, 21.93),1,Mobile/Bumped Diffuse,302
PT_River_Rock_Pile_02 (1),N/A,(-7.38, 0.12, 21.93),0,,N/A
Lemon Tree 4 (1),Lemon Tree 4 no fruits,(-32.53, 0.42, -22.70),2,Mobile/Bumped Diffuse,Mobile/Bumped Diffuse,1038
Flower5 (2),Flower5,(-29.61, 0.10, -29.50),1,Standard (Specular setup),154
Plant2 (5),Plant2,(24.66, 0.12, -11.47),1,Standard (Specular setup),30
Fern2 (3),Fern2,(7.33, -1.12, 13.24),1,Standard (Specular setup),60
Flower3 (3),Flower3,(25.44, 0.11, -11.63),1,Standard (Specular setup),62
PT_Grass_02_LOD2,PT_Grass_02_LOD2,(27.27, -0.05, 19.29),1,Mobile/Bumped Diffuse,18
PT_Grass_02 (44),N/A,(27.27, -0.05, 19.29),0,,N/A
Fern3 (2),Fern3,(-32.30, 0.11, -7.31),1,Standard (Specular setup),276
Lemon Tree 4 (14),Lemon Tree 4 no fruits,(-16.51, 0.42, -10.98),2,Mobile/Bumped Diffuse,Mobile/Bumped Diffuse,1038
PT_Grass_02_LOD2,PT_Grass_02_LOD2,(21.20, -0.05, 21.12),1,Mobile/Bumped Diffuse,18
PT_Grass_02 (3),N/A,(21.20, -0.05, 21.12),0,,N/A
PT_Caesars_Mushroom_01 (2),PT_Caesars_Mushroom_01,(-32.27, 0.09, -6.10),1,Polytope Studio/PT_Vegetation_Opaque_Shader,64
Bush03_L_LOD3,Bush03_L_LOD3,(-32.32, 0.06, -17.81),1,Mobile/Bumped Diffuse,352
Bush03_L_LOD2,Bush03_L_LOD2,(-32.32, 0.06, -17.81),1,Mobile/Bumped Diffuse,352
Bush03_L_LOD1,Bush03_L_LOD1,(-32.32, 0.06, -17.81),1,Mobile/Bumped Diffuse,704
Bush03_L_LOD0,Bush03_L_LOD0,(-32.32, 0.06, -17.81),1,Mobile/Bumped Diffuse,1408
Bush03_F_LOD2,Bush03_F_LOD2,(-32.32, 0.06, -17.81),1,Mobile/Bumped Diffuse,186
Bush03_F_LOD1,Bush03_F_LOD1,(-32.32, 0.06, -17.81),1,Mobile/Bumped Diffuse,310
Bush03_F_LOD0,Bush03_F_LOD0,(-32.32, 0.06, -17.81),1,Mobile/Bumped Diffuse,620
Bush03_B_LOD3,Bush03_B_LOD3,(-32.32, 0.06, -17.81),1,Mobile/Bumped Diffuse,126
Bush03_B_LOD2,Bush03_B_LOD2,(-32.32, 0.06, -17.81),1,Mobile/Bumped Diffuse,210
Bush03_B_LOD1,Bush03_B_LOD1,(-32.32, 0.06, -17.81),1,Mobile/Bumped Diffuse,476
Bush03_B_LOD0,Bush03_B_LOD0,(-32.32, 0.06, -17.81),1,Mobile/Bumped Diffuse,924
P_Bush03 (1),N/A,(-32.32, 0.06, -17.81),0,,N/A
Lemon Tree 4 (06),Lemon Tree 4 no fruits,(22.49, 0.10, -12.68),2,Mobile/Bumped Diffuse,Mobile/Bumped Diffuse,1038
Flower5 (6),Flower5,(23.93, 0.10, -11.78),1,Standard (Specular setup),154
Mushroom5,Mushroom5,(28.62, 0.14, -5.81),1,Standard (Specular setup),264
Flower5 (5),Flower5,(21.27, 0.10, -6.46),1,Standard (Specular setup),154
Flower8 (14),Flower8,(21.07, 0.11, -4.01),1,Standard (Specular setup),111
PT_Modular_Fence_Wood_02,PT_Modular_Fence_Wood_02,(29.11, 0.07, -9.14),1,Polytope Studio/ PT_Medieval Buildings Shader PBR,348
Rock_05_LOD2,Rock_05_LOD2,(8.72, -0.95, 21.68),1,Mobile/Bumped Diffuse,218
Rock_05_LOD1,Rock_05_LOD1,(8.72, -0.95, 21.68),1,Mobile/Bumped Diffuse,442
Rock_05_LOD0,Rock_05_LOD0,(8.72, -0.95, 21.68),1,Mobile/Bumped Diffuse,916
Rock_05,N/A,(8.72, -0.95, 21.68),0,,N/A
Fern2 (4),Fern2,(8.71, -2.26, 14.75),1,Standard (Specular setup),60
Flower8 (7),Flower8,(21.24, 0.11, -8.71),1,Standard (Specular setup),111
PT_Grass_02_LOD2,PT_Grass_02_LOD2,(21.81, -0.05, 21.12),1,Mobile/Bumped Diffuse,18
PT_Grass_02 (7),N/A,(21.81, -0.05, 21.12),0,,N/A
Flower2 (6),Flower2,(-32.06, 0.03, -27.62),1,Standard (Specular setup),62
Fern2,Fern2,(9.02, -2.26, 27.96),1,Standard (Specular setup),60
PT_Grass_02_LOD2,PT_Grass_02_LOD2,(24.05, -0.05, 22.17),1,Mobile/Bumped Diffuse,18
PT_Grass_02 (15),N/A,(24.05, -0.05, 22.17),0,,N/A
Flower2 (14),Flower2,(28.67, 0.03, -10.17),1,Standard (Specular setup),62
Lemon Tree 4 (24),Lemon Tree 4 no fruits,(-23.82, 0.42, -5.21),2,Mobile/Bumped Diffuse,Mobile/Bumped Diffuse,1038
PT_Grass_02_LOD2,PT_Grass_02_LOD2,(21.12, -0.05, 22.10),1,Mobile/Bumped Diffuse,18
PT_Grass_02 (83),N/A,(21.12, -0.05, 22.10),0,,N/A
Rock1 (6),Rock1,(21.15, 0.09, -6.34),1,Mobile/Bumped Diffuse,658
Rock3 (1),Rock3,(18.73, -0.56, 21.50),1,Mobile/Bumped Diffuse,514
Rock_03_LOD0,Rock_03_LOD0,(-31.00, 0.12, -4.55),1,Mobile/Bumped Diffuse,876
Rock_03 (4),N/A,(-31.00, 0.12, -4.55),0,,N/A
Rock1 (2),Rock1,(-32.50, 0.06, -24.37),1,Mobile/Bumped Diffuse,658
Plant4 (5),Plant4,(-32.31, 0.12, -11.91),1,Standard (Specular setup),84
Rock_05_LOD2,Rock_05_LOD2,(-24.05, 0.80, -12.86),1,Mobile/Bumped Diffuse,218
Rock_05_LOD1,Rock_05_LOD1,(-24.05, 0.80, -12.86),1,Mobile/Bumped Diffuse,442
Rock_05_LOD0,Rock_05_LOD0,(-24.05, 0.80, -12.86),1,Mobile/Bumped Diffuse,916
Rock_05 (1),N/A,(-24.05, 0.80, -12.86),0,,N/A
PT_Poppy_02_LOD2,PT_Poppy_02_LOD2,(-22.98, 0.06, -4.57),1,Mobile/Bumped Diffuse,25
PT_Poppy_02_LOD1,PT_Poppy_02_LOD1,(-22.98, 0.06, -4.57),1,Mobile/Bumped Diffuse,40
PT_Poppy_02_LOD0,PT_Poppy_02_LOD0,(-22.98, 0.06, -4.57),1,Mobile/Bumped Diffuse,71
PT_Poppy_02 (53),N/A,(-22.98, 0.06, -4.57),0,,N/A
Lemon Tree 4 (1),Lemon Tree 4 no fruits,(20.54, 0.23, -6.00),2,Mobile/Bumped Diffuse,Mobile/Bumped Diffuse,1038
PT_River_Rock_Pile_02_LOD2,PT_River_Rock_Pile_02_LOD2,(21.36, 0.08, -9.58),1,Mobile/Bumped Diffuse,83
PT_River_Rock_Pile_02_LOD1,PT_River_Rock_Pile_02_LOD1,(21.36, 0.08, -9.58),1,Mobile/Bumped Diffuse,163
PT_River_Rock_Pile_02_LOD0,PT_River_Rock_Pile_02_LOD0,(21.36, 0.08, -9.58),1,Mobile/Bumped Diffuse,302
PT_River_Rock_Pile_02 (8),N/A,(21.36, 0.08, -9.58),0,,N/A
Fern1,Fern1,(5.25, -2.26, 27.15),1,Standard (Specular setup),6
PT_Poppy_02_LOD2,PT_Poppy_02_LOD2,(-23.25, 0.06, -4.58),1,Mobile/Bumped Diffuse,25
PT_Poppy_02_LOD1,PT_Poppy_02_LOD1,(-23.25, 0.06, -4.58),1,Mobile/Bumped Diffuse,40
PT_Poppy_02_LOD0,PT_Poppy_02_LOD0,(-23.25, 0.06, -4.58),1,Mobile/Bumped Diffuse,71
PT_Poppy_02 (49),N/A,(-23.25, 0.06, -4.58),0,,N/A
Flower2 (13),Flower2,(28.74, 0.03, -10.09),1,Standard (Specular setup),62
Mushroom1,Mushroom1,(-24.82, 0.13, -27.26),1,Standard (Specular setup),264
Rock_05_LOD2,Rock_05_LOD2,(9.35, -0.83, 21.32),1,Mobile/Bumped Diffuse,218
Rock_05_LOD1,Rock_05_LOD1,(9.35, -0.83, 21.32),1,Mobile/Bumped Diffuse,442
Rock_05_LOD0,Rock_05_LOD0,(9.35, -0.83, 21.32),1,Mobile/Bumped Diffuse,916
Rock_05 (4),N/A,(9.35, -0.83, 21.32),0,,N/A
Flower5,Flower5,(25.95, 0.15, -12.26),1,Standard (Specular setup),154
PT_Modular_Fence_Wood_02 (14),PT_Modular_Fence_Wood_02,(25.09, 0.07, -12.83),1,Polytope Studio/ PT_Medieval Buildings Shader PBR,348
PT_Grass_02_LOD2,PT_Grass_02_LOD2,(21.81, -0.05, 21.48),1,Mobile/Bumped Diffuse,18
PT_Grass_02 (79),N/A,(21.81, -0.05, 21.48),0,,N/A
PT_Grass_02_LOD2,PT_Grass_02_LOD2,(27.60, -0.05, 17.36),1,Mobile/Bumped Diffuse,18
PT_Grass_02 (61),N/A,(27.60, -0.05, 17.36),0,,N/A
PT_Grass_02_LOD2,PT_Grass_02_LOD2,(28.14, -0.05, 19.43),1,Mobile/Bumped Diffuse,18
PT_Grass_02 (73),N/A,(28.14, -0.05, 19.43),0,,N/A
PT_Fruit_Tree_01_logs 1,PT_Fruit_Tree_01_logs,(28.56, 0.20, -3.90),1,Polytope Studio/PT_Vegetation_Opaque_Shader,959
Flower8 (2),Flower8,(28.26, 0.11, -5.42),1,Standard (Specular setup),111
Plant1 (2),Plant1,(28.76, 0.13, -4.75),1,Standard (Specular setup),50
PT_Poppy_02_LOD2,PT_Poppy_02_LOD2,(-24.28, 0.06, -12.15),1,Mobile/Bumped Diffuse,25
PT_Poppy_02_LOD1,PT_Poppy_02_LOD1,(-24.28, 0.06, -12.15),1,Mobile/Bumped Diffuse,40
PT_Poppy_02_LOD0,PT_Poppy_02_LOD0,(-24.28, 0.06, -12.15),1,Mobile/Bumped Diffuse,71
PT_Poppy_02 (33),N/A,(-24.28, 0.06, -12.15),0,,N/A
PT_Modular_Fence_Wood_02 (12),PT_Modular_Fence_Wood_02,(26.28, 0.07, -12.85),1,Polytope Studio/ PT_Medieval Buildings Shader PBR,348
PT_Grass_02_LOD2,PT_Grass_02_LOD2,(28.95, -0.05, 16.52),1,Mobile/Bumped Diffuse,18
PT_Grass_02 (67),N/A,(28.95, -0.05, 16.52),0,,N/A
Plant2,Plant2,(5.35, -2.26, 22.68),1,Standard (Specular setup),30
Rock_05_LOD2,Rock_05_LOD2,(6.77, -0.95, 13.35),1,Mobile/Bumped Diffuse,218
Rock_05_LOD1,Rock_05_LOD1,(6.77, -0.95, 13.35),1,Mobile/Bumped Diffuse,442
Rock_05_LOD0,Rock_05_LOD0,(6.77, -0.95, 13.35),1,Mobile/Bumped Diffuse,916
Rock_05 (7),N/A,(6.77, -0.95, 13.35),0,,N/A
Flower5,Flower5,(9.87, -2.26, 14.38),1,Standard (Specular setup),154
Oak_tree3 (1),Oak_tree3,(28.12, 0.25, 9.73),2,Mobile/Bumped Diffuse,Mobile/Bumped Diffuse,1171
Fern3 (3),Fern3,(-32.62, 0.11, -7.31),1,Standard (Specular setup),276
Flower2 (17),Flower2,(21.15, 0.03, -9.29),1,Standard (Specular setup),62
PT_Grass_02_LOD2,PT_Grass_02_LOD2,(25.68, -0.05, 21.61),1,Mobile/Bumped Diffuse,18
PT_Grass_02 (28),N/A,(25.68, -0.05, 21.61),0,,N/A
PT_Poppy_02_LOD2,PT_Poppy_02_LOD2,(-24.34, 0.06, -11.99),1,Mobile/Bumped Diffuse,25
PT_Poppy_02_LOD1,PT_Poppy_02_LOD1,(-24.34, 0.06, -11.99),1,Mobile/Bumped Diffuse,40
PT_Poppy_02_LOD0,PT_Poppy_02_LOD0,(-24.34, 0.06, -11.99),1,Mobile/Bumped Diffuse,71
PT_Poppy_02 (34),N/A,(-24.34, 0.06, -11.99),0,,N/A
Flower2 (5),Flower2,(-32.30, 0.03, -27.22),1,Standard (Specular setup),62
PT_Poppy_02_LOD2,PT_Poppy_02_LOD2,(-16.09, 0.06, -9.36),1,Mobile/Bumped Diffuse,25
PT_Poppy_02_LOD1,PT_Poppy_02_LOD1,(-16.09, 0.06, -9.36),1,Mobile/Bumped Diffuse,40
PT_Poppy_02_LOD0,PT_Poppy_02_LOD0,(-16.09, 0.06, -9.36),1,Mobile/Bumped Diffuse,71
PT_Poppy_02 (44),N/A,(-16.09, 0.06, -9.36),0,,N/A
PT_Grass_02_LOD2,PT_Grass_02_LOD2,(23.39, -0.05, 20.13),1,Mobile/Bumped Diffuse,18
PT_Grass_02 (19),N/A,(23.39, -0.05, 20.13),0,,N/A
Plant4 (6),Plant4,(-17.07, 0.12, -10.23),1,Standard (Specular setup),84
Plant4 (10),Plant4,(-16.05, 0.12, -11.17),1,Standard (Specular setup),84
Stone2_LOD0,Stone2_LOD0,(19.58, 0.10, -4.63),1,Mobile/Bumped Diffuse,180
Stone2 (1),N/A,(19.58, 0.10, -4.63),0,,N/A
PT_Grass_02_LOD2,PT_Grass_02_LOD2,(26.88, -0.05, 19.28),1,Mobile/Bumped Diffuse,18
PT_Grass_02 (53),N/A,(26.88, -0.05, 19.28),0,,N/A
PT_Poppy_02_LOD2,PT_Poppy_02_LOD2,(-32.12, 0.06, -24.81),1,Mobile/Bumped Diffuse,25
PT_Poppy_02_LOD1,PT_Poppy_02_LOD1,(-32.12, 0.06, -24.81),1,Mobile/Bumped Diffuse,40
PT_Poppy_02_LOD0,PT_Poppy_02_LOD0,(-32.12, 0.06, -24.81),1,Mobile/Bumped Diffuse,71
PT_Poppy_02 (11),N/A,(-32.12, 0.06, -24.81),0,,N/A
PT_Grass_02_LOD2,PT_Grass_02_LOD2,(21.15, -0.05, 20.36),1,Mobile/Bumped Diffuse,18
PT_Grass_02 (5),N/A,(21.15, -0.05, 20.36),0,,N/A
PT_Grass_02_LOD2,PT_Grass_02_LOD2,(28.56, -0.05, 18.52),1,Mobile/Bumped Diffuse,18
PT_Grass_02 (52),N/A,(28.56, -0.05, 18.52),0,,N/A
PT_Poppy_02_LOD2,PT_Poppy_02_LOD2,(-16.65, 0.06, -6.74),1,Mobile/Bumped Diffuse,25
PT_Poppy_02_LOD1,PT_Poppy_02_LOD1,(-16.65, 0.06, -6.74),1,Mobile/Bumped Diffuse,40
PT_Poppy_02_LOD0,PT_Poppy_02_LOD0,(-16.65, 0.06, -6.74),1,Mobile/Bumped Diffuse,71
PT_Poppy_02 (24),N/A,(-16.65, 0.06, -6.74),0,,N/A
PT_Fruit_Tree_01_apples_LOD2,PT_Fruit_Tree_01_apples_LOD2,(12.60, 0.10, 12.77),2,Mobile/Bumped Diffuse,Mobile/Bumped Diffuse,917
PT_Fruit_Tree_01_apples_LOD1,PT_Fruit_Tree_01_apples_LOD1,(12.60, 0.10, 12.77),2,Mobile/Bumped Diffuse,Mobile/Bumped Diffuse,1781
PT_Fruit_Tree_01_apples_LOD0,PT_Fruit_Tree_01_apples_LOD0,(12.60, 0.10, 12.77),2,Mobile/Bumped Diffuse,Mobile/Bumped Diffuse,2870
PT_Fruit_Tree_01_apples,N/A,(12.60, 0.10, 12.77),0,,N/A
Lemon Tree 4 (2),Lemon Tree 4 no fruits,(-24.64, 0.42, -22.70),2,Mobile/Bumped Diffuse,Mobile/Bumped Diffuse,1038
PT_Grass_02_LOD2,PT_Grass_02_LOD2,(28.57, -0.05, 17.26),1,Mobile/Bumped Diffuse,18
PT_Grass_02 (69),N/A,(28.57, -0.05, 17.26),0,,N/A
PT_Poppy_02_LOD2,PT_Poppy_02_LOD2,(-24.97, 0.06, -14.65),1,Mobile/Bumped Diffuse,25
PT_Poppy_02_LOD1,PT_Poppy_02_LOD1,(-24.97, 0.06, -14.65),1,Mobile/Bumped Diffuse,40
PT_Poppy_02_LOD0,PT_Poppy_02_LOD0,(-24.97, 0.06, -14.65),1,Mobile/Bumped Diffuse,71
PT_Poppy_02 (28),N/A,(-24.97, 0.06, -14.65),0,,N/A
PT_Modular_Fence_Wood_02 (8),PT_Modular_Fence_Wood_02,(28.62, 0.07, -12.89),1,Polytope Studio/ PT_Medieval Buildings Shader PBR,348
PT_Grass_02_LOD2,PT_Grass_02_LOD2,(27.19, -0.05, 20.96),1,Mobile/Bumped Diffuse,18
PT_Grass_02 (40),N/A,(27.19, -0.05, 20.96),0,,N/A
PT_Modular_Fence_Wood_02 (3),PT_Modular_Fence_Wood_02,(29.13, 0.07, -10.22),1,Polytope Studio/ PT_Medieval Buildings Shader PBR,348
Flower5 (4),Flower5,(-32.29, 0.08, -19.29),1,Standard (Specular setup),154
PT_Grass_02_LOD2,PT_Grass_02_LOD2,(25.92, -0.05, 20.77),1,Mobile/Bumped Diffuse,18
PT_Grass_02 (41),N/A,(25.92, -0.05, 20.77),0,,N/A
PT_Poppy_02_LOD2,PT_Poppy_02_LOD2,(-24.91, 0.06, -14.81),1,Mobile/Bumped Diffuse,25
PT_Poppy_02_LOD1,PT_Poppy_02_LOD1,(-24.91, 0.06, -14.81),1,Mobile/Bumped Diffuse,40
PT_Poppy_02_LOD0,PT_Poppy_02_LOD0,(-24.91, 0.06, -14.81),1,Mobile/Bumped Diffuse,71
PT_Poppy_02 (27),N/A,(-24.91, 0.06, -14.81),0,,N/A
PT_Poppy_02_LOD2,PT_Poppy_02_LOD2,(-16.87, 0.06, -9.17),1,Mobile/Bumped Diffuse,25
PT_Poppy_02_LOD1,PT_Poppy_02_LOD1,(-16.87, 0.06, -9.17),1,Mobile/Bumped Diffuse,40
PT_Poppy_02_LOD0,PT_Poppy_02_LOD0,(-16.87, 0.06, -9.17),1,Mobile/Bumped Diffuse,71
PT_Poppy_02 (46),N/A,(-16.87, 0.06, -9.17),0,,N/A
Rock_05_LOD2,Rock_05_LOD2,(10.02, -0.85, 21.99),1,Mobile/Bumped Diffuse,218
Rock_05_LOD1,Rock_05_LOD1,(10.02, -0.85, 21.99),1,Mobile/Bumped Diffuse,442
Rock_05_LOD0,Rock_05_LOD0,(10.02, -0.85, 21.99),1,Mobile/Bumped Diffuse,916
Rock_05 (5),N/A,(10.02, -0.85, 21.99),0,,N/A
PT_Poppy_02_LOD2,PT_Poppy_02_LOD2,(-23.13, 0.06, -4.30),1,Mobile/Bumped Diffuse,25
PT_Poppy_02_LOD1,PT_Poppy_02_LOD1,(-23.13, 0.06, -4.30),1,Mobile/Bumped Diffuse,40
PT_Poppy_02_LOD0,PT_Poppy_02_LOD0,(-23.13, 0.06, -4.30),1,Mobile/Bumped Diffuse,71
PT_Poppy_02 (52),N/A,(-23.13, 0.06, -4.30),0,,N/A
PT_Poppy_02_LOD2,PT_Poppy_02_LOD2,(-19.82, 0.06, -10.69),1,Mobile/Bumped Diffuse,25
PT_Poppy_02_LOD1,PT_Poppy_02_LOD1,(-19.82, 0.06, -10.69),1,Mobile/Bumped Diffuse,40
PT_Poppy_02_LOD0,PT_Poppy_02_LOD0,(-19.82, 0.06, -10.69),1,Mobile/Bumped Diffuse,71
PT_Poppy_02 (18),N/A,(-19.82, 0.06, -10.69),0,,N/A
PT_Grass_02_LOD2,PT_Grass_02_LOD2,(18.84, -0.36, 21.65),1,Mobile/Bumped Diffuse,18
PT_Grass_02 (91),N/A,(18.84, -0.36, 21.65),0,,N/A
PT_Grass_02_LOD2,PT_Grass_02_LOD2,(28.74, -0.05, 19.57),1,Mobile/Bumped Diffuse,18
PT_Grass_02 (77),N/A,(28.74, -0.05, 19.57),0,,N/A
PT_Poppy_02_LOD2,PT_Poppy_02_LOD2,(-25.57, 0.06, -21.45),1,Mobile/Bumped Diffuse,25
PT_Poppy_02_LOD1,PT_Poppy_02_LOD1,(-25.57, 0.06, -21.45),1,Mobile/Bumped Diffuse,40
PT_Poppy_02_LOD0,PT_Poppy_02_LOD0,(-25.57, 0.06, -21.45),1,Mobile/Bumped Diffuse,71
PT_Poppy_02,N/A,(-25.57, 0.06, -21.45),0,,N/A
Rock_04_LOD2,Rock_04_LOD2,(-15.76, 0.25, -11.24),1,Mobile/Bumped Diffuse,258
Rock_04_LOD1,Rock_04_LOD1,(-15.76, 0.25, -11.24),1,Mobile/Bumped Diffuse,458
Rock_04_LOD0,Rock_04_LOD0,(-15.76, 0.25, -11.24),1,Mobile/Bumped Diffuse,996
Rock_04,N/A,(-15.76, 0.25, -11.24),0,,N/A
PT_Grass_02_LOD2,PT_Grass_02_LOD2,(23.39, -0.05, 19.55),1,Mobile/Bumped Diffuse,18
PT_Grass_02 (18),N/A,(23.39, -0.05, 19.55),0,,N/A
PT_Fruit_Tree_01_stump (1),PT_Fruit_Tree_01_stump,(-32.13, 0.17, -21.75),1,Polytope Studio/PT_Vegetation_Opaque_Shader,115
PT_Grass_02_LOD2,PT_Grass_02_LOD2,(27.36, -0.05, 20.12),1,Mobile/Bumped Diffuse,18
PT_Grass_02 (47),N/A,(27.36, -0.05, 20.12),0,,N/A
PT_Poppy_02_LOD2,PT_Poppy_02_LOD2,(-31.92, 0.06, -24.85),1,Mobile/Bumped Diffuse,25
PT_Poppy_02_LOD1,PT_Poppy_02_LOD1,(-31.92, 0.06, -24.85),1,Mobile/Bumped Diffuse,40
PT_Poppy_02_LOD0,PT_Poppy_02_LOD0,(-31.92, 0.06, -24.85),1,Mobile/Bumped Diffuse,71
PT_Poppy_02 (10),N/A,(-31.92, 0.06, -24.85),0,,N/A
PT_Fruit_Tree_01_plums_LOD2,PT_Fruit_Tree_01_plums_LOD2,(-19.17, 0.09, -11.55),2,Mobile/Bumped Diffuse,Mobile/Bumped Diffuse,917
PT_Fruit_Tree_01_plums_LOD1,PT_Fruit_Tree_01_plums_LOD1,(-19.17, 0.09, -11.55),2,Mobile/Bumped Diffuse,Mobile/Bumped Diffuse,1593
PT_Fruit_Tree_01_plums_LOD0,PT_Fruit_Tree_01_plums_LOD0,(-19.17, 0.09, -11.55),2,Mobile/Bumped Diffuse,Mobile/Bumped Diffuse,2678
PT_Fruit_Tree_01_plums (3),N/A,(-19.17, 0.09, -11.55),0,,N/A
PT_River_Rock_Pile_02_LOD2,PT_River_Rock_Pile_02_LOD2,(-8.32, 0.12, 21.57),1,Mobile/Bumped Diffuse,83
PT_River_Rock_Pile_02_LOD1,PT_River_Rock_Pile_02_LOD1,(-8.32, 0.12, 21.57),1,Mobile/Bumped Diffuse,163
PT_River_Rock_Pile_02_LOD0,PT_River_Rock_Pile_02_LOD0,(-8.32, 0.12, 21.57),1,Mobile/Bumped Diffuse,302
PT_River_Rock_Pile_02,N/A,(-8.32, 0.12, 21.57),0,,N/A
Plant2,Plant2,(-28.98, 0.10, -29.39),1,Standard (Specular setup),30
Flower8 (13),Flower8,(20.66, 0.11, -3.51),1,Standard (Specular setup),111
Rock_05_LOD2,Rock_05_LOD2,(8.61, -0.91, 13.23),1,Mobile/Bumped Diffuse,218
Rock_05_LOD1,Rock_05_LOD1,(8.61, -0.91, 13.23),1,Mobile/Bumped Diffuse,442
Rock_05_LOD0,Rock_05_LOD0,(8.61, -0.91, 13.23),1,Mobile/Bumped Diffuse,916
Rock_05 (10),N/A,(8.61, -0.91, 13.23),0,,N/A
Flower5 (7),Flower5,(23.17, 0.10, -11.78),1,Standard (Specular setup),154
PT_Modular_Fence_Wood_02 (33),PT_Modular_Fence_Wood_02,(20.58, 0.07, -6.13),1,Polytope Studio/ PT_Medieval Buildings Shader PBR,348
PT_Fruit_Tree_01_pears_LOD2,PT_Fruit_Tree_01_pears_LOD2,(-32.52, 0.11, -27.33),2,Mobile/Bumped Diffuse,Mobile/Bumped Diffuse,917
PT_Fruit_Tree_01_pears_LOD1,PT_Fruit_Tree_01_pears_LOD1,(-32.52, 0.11, -27.33),2,Mobile/Bumped Diffuse,Mobile/Bumped Diffuse,1781
PT_Fruit_Tree_01_pears_LOD0,PT_Fruit_Tree_01_pears_LOD0,(-32.52, 0.11, -27.33),2,Mobile/Bumped Diffuse,Mobile/Bumped Diffuse,2870
PT_Fruit_Tree_01_pears (2),N/A,(-32.52, 0.11, -27.33),0,,N/A
Flower5 (1),Flower5,(23.84, 0.15, -12.26),1,Standard (Specular setup),154
PT_Grass_02_LOD2,PT_Grass_02_LOD2,(21.73, -0.05, 21.90),1,Mobile/Bumped Diffuse,18
PT_Grass_02 (81),N/A,(21.73, -0.05, 21.90),0,,N/A
Rock1 (1),Rock1,(-32.35, 0.10, -29.17),1,Mobile/Bumped Diffuse,658
Plant4 (19),Plant4,(-23.11, 0.12, -4.87),1,Standard (Specular setup),84
Fern2 (2),Fern2,(12.69, -2.26, 28.40),1,Standard (Specular setup),60
Flower8 (4),Flower8,(28.68, 0.11, -9.05),1,Standard (Specular setup),111
PT_Grass_02_LOD2,PT_Grass_02_LOD2,(25.00, -0.05, 21.99),1,Mobile/Bumped Diffuse,18
PT_Grass_02 (29),N/A,(25.00, -0.05, 21.99),0,,N/A
PT_Poppy_02_LOD2,PT_Poppy_02_LOD2,(-16.24, 0.06, -9.54),1,Mobile/Bumped Diffuse,25
PT_Poppy_02_LOD1,PT_Poppy_02_LOD1,(-16.24, 0.06, -9.54),1,Mobile/Bumped Diffuse,40
PT_Poppy_02_LOD0,PT_Poppy_02_LOD0,(-16.24, 0.06, -9.54),1,Mobile/Bumped Diffuse,71
PT_Poppy_02 (43),N/A,(-16.24, 0.06, -9.54),0,,N/A
Rock_06_LOD2,Rock_06_LOD2,(13.67, -1.01, 13.74),1,Mobile/Bumped Diffuse,188
Rock_06_LOD1,Rock_06_LOD1,(13.67, -1.01, 13.74),1,Mobile/Bumped Diffuse,396
Rock_06_LOD0,Rock_06_LOD0,(13.67, -1.01, 13.74),1,Mobile/Bumped Diffuse,838
Rock_06 (2),N/A,(13.75, -1.06, 13.77),0,,N/A
Plant4 (2),Plant4,(-32.29, 0.12, -9.29),1,Standard (Specular setup),84
Fern3,Fern3,(-32.52, 0.11, -8.59),1,Standard (Specular setup),276
PT_Grass_02_LOD2,PT_Grass_02_LOD2,(24.39, -0.05, 21.42),1,Mobile/Bumped Diffuse,18
PT_Grass_02 (32),N/A,(24.39, -0.05, 21.42),0,,N/A
Food_apple (1),Food_apple,(21.51, 0.08, -9.43),1,Standard (Specular setup),90
PT_Fruit_Tree_01_pears_LOD2,PT_Fruit_Tree_01_pears_LOD2,(21.03, 0.11, -9.61),2,Mobile/Bumped Diffuse,Mobile/Bumped Diffuse,917
PT_Fruit_Tree_01_pears_LOD1,PT_Fruit_Tree_01_pears_LOD1,(21.03, 0.11, -9.61),2,Mobile/Bumped Diffuse,Mobile/Bumped Diffuse,1781
PT_Fruit_Tree_01_pears_LOD0,PT_Fruit_Tree_01_pears_LOD0,(21.03, 0.11, -9.61),2,Mobile/Bumped Diffuse,Mobile/Bumped Diffuse,2870
PT_Fruit_Tree_01_pears (3),N/A,(21.03, 0.11, -9.61),0,,N/A
PT_Grass_02_LOD2,PT_Grass_02_LOD2,(19.63, -0.22, 14.32),1,Mobile/Bumped Diffuse,18
PT_Grass_02 (93),N/A,(19.63, -0.22, 14.32),0,,N/A
PT_Poppy_02_LOD2,PT_Poppy_02_LOD2,(-16.91, 0.06, -10.97),1,Mobile/Bumped Diffuse,25
PT_Poppy_02_LOD1,PT_Poppy_02_LOD1,(-16.91, 0.06, -10.97),1,Mobile/Bumped Diffuse,40
PT_Poppy_02_LOD0,PT_Poppy_02_LOD0,(-16.91, 0.06, -10.97),1,Mobile/Bumped Diffuse,71
PT_Poppy_02 (19),N/A,(-16.91, 0.06, -10.97),0,,N/A
Rock_02_LOD2,Rock_02_LOD2,(-0.51, -0.88, 21.42),1,Mobile/Bumped Diffuse,222
Rock_02_LOD1,Rock_02_LOD1,(-0.51, -0.88, 21.42),1,Mobile/Bumped Diffuse,466
Rock_02_LOD0 ,Rock_02_LOD0 ,(-0.51, -0.88, 21.42),1,Mobile/Bumped Diffuse,846
Rock_02 (1),N/A,(-0.51, -0.87, 21.48),0,,N/A
Plant2 (3),Plant2,(24.56, 0.10, -11.67),1,Standard (Specular setup),30
PT_Fruit_Tree_01_stump,PT_Fruit_Tree_01_stump,(-25.00, 0.19, -19.93),1,Polytope Studio/PT_Vegetation_Opaque_Shader,115
Lemon Tree 4 (3),Lemon Tree 4 no fruits,(-32.53, 0.42, -29.82),2,Mobile/Bumped Diffuse,Mobile/Bumped Diffuse,1038
Fern3 (14),Fern3,(-19.51, 0.11, -10.86),1,Standard (Specular setup),276
Fern3 (1),Fern3,(-32.52, 0.11, -7.66),1,Standard (Specular setup),276
Flower6,Flower6,(-32.27, 0.07, -12.17),1,Standard (Specular setup),138
PT_Poppy_02_LOD2,PT_Poppy_02_LOD2,(-25.04, 0.06, -23.73),1,Mobile/Bumped Diffuse,25
PT_Poppy_02_LOD1,PT_Poppy_02_LOD1,(-25.04, 0.06, -23.73),1,Mobile/Bumped Diffuse,40
PT_Poppy_02_LOD0,PT_Poppy_02_LOD0,(-25.04, 0.06, -23.73),1,Mobile/Bumped Diffuse,71
PT_Poppy_02 (4),N/A,(-25.04, 0.06, -23.73),0,,N/A
Plant2 (4),Plant2,(24.46, 0.12, -11.53),1,Standard (Specular setup),30
PT_River_Rock_Pile_02_LOD2,PT_River_Rock_Pile_02_LOD2,(-32.34, 0.12, -12.46),1,Mobile/Bumped Diffuse,83
PT_River_Rock_Pile_02_LOD1,PT_River_Rock_Pile_02_LOD1,(-32.34, 0.12, -12.46),1,Mobile/Bumped Diffuse,163
PT_River_Rock_Pile_02_LOD0,PT_River_Rock_Pile_02_LOD0,(-32.34, 0.12, -12.46),1,Mobile/Bumped Diffuse,302
PT_River_Rock_Pile_02 (7),N/A,(-32.34, 0.12, -12.46),0,,N/A
Flower2 (12),Flower2,(28.72, 0.03, -10.23),1,Standard (Specular setup),62
PT_Fruit_Tree_01_apples_LOD2,PT_Fruit_Tree_01_apples_LOD2,(-12.47, 0.40, -2.61),2,Mobile/Bumped Diffuse,Mobile/Bumped Diffuse,917
PT_Fruit_Tree_01_apples_LOD1,PT_Fruit_Tree_01_apples_LOD1,(-12.47, 0.40, -2.61),2,Mobile/Bumped Diffuse,Mobile/Bumped Diffuse,1781
PT_Fruit_Tree_01_apples_LOD0,PT_Fruit_Tree_01_apples_LOD0,(-12.47, 0.40, -2.61),2,Mobile/Bumped Diffuse,Mobile/Bumped Diffuse,2870
PT_Fruit_Tree_01_apples (1),N/A,(-12.47, 0.40, -2.61),0,,N/A
Flower2 (18),Flower2,(27.50, 0.03, -12.25),1,Standard (Specular setup),62
Fern3 (19),Fern3,(-26.50, 0.09, -5.30),1,Standard (Specular setup),276
Flower5 (2),Flower5,(21.11, 0.15, -7.54),1,Standard (Specular setup),154
Nest_03_LOD2,Nest_03_LOD2,(-16.61, 0.17, -11.38),2,Mobile/Bumped Diffuse,Standard,906
Nest_03_LOD1,Nest_03_LOD1,(-16.61, 0.17, -11.38),2,Mobile/Bumped Diffuse,Standard,2268
Nest_03_LOD0,Nest_03_LOD0,(-16.61, 0.17, -11.38),2,Mobile/Bumped Diffuse,Standard,4536
PT_Grass_02_LOD2,PT_Grass_02_LOD2,(21.73, -0.05, 21.90),1,Mobile/Bumped Diffuse,18
PT_Grass_02 (82),N/A,(21.73, -0.05, 21.90),0,,N/A
PT_Grass_02_LOD2,PT_Grass_02_LOD2,(22.78, -0.05, 19.55),1,Mobile/Bumped Diffuse,18
PT_Grass_02 (22),N/A,(22.78, -0.05, 19.55),0,,N/A
PT_Grass_02_LOD2,PT_Grass_02_LOD2,(20.54, -0.05, 20.93),1,Mobile/Bumped Diffuse,18
PT_Grass_02 (2),N/A,(20.54, -0.05, 20.93),0,,N/A
Rock_03_LOD0,Rock_03_LOD0,(-24.38, 0.11, -28.05),1,Mobile/Bumped Diffuse,876
Rock_03 (2),N/A,(-24.38, 0.11, -28.05),0,,N/A
PT_Grass_02_LOD2,PT_Grass_02_LOD2,(28.28, -0.05, 18.87),1,Mobile/Bumped Diffuse,18
PT_Grass_02 (74),N/A,(28.28, -0.05, 18.87),0,,N/A
Plant2 (1),Plant2,(-28.88, 0.12, -29.19),1,Standard (Specular setup),30
Plant4 (20),Plant4,(-22.92, 0.12, -4.37),1,Standard (Specular setup),84
Stone2_LOD0,Stone2_LOD0,(29.75, 0.28, -7.08),1,Mobile/Bumped Diffuse,180
Stone2,N/A,(29.75, 0.28, -7.08),0,,N/A
PT_River_Rock_Pile_02_LOD2,PT_River_Rock_Pile_02_LOD2,(-32.21, 0.12, -22.09),1,Mobile/Bumped Diffuse,83
PT_River_Rock_Pile_02_LOD1,PT_River_Rock_Pile_02_LOD1,(-32.21, 0.12, -22.09),1,Mobile/Bumped Diffuse,163
PT_River_Rock_Pile_02_LOD0,PT_River_Rock_Pile_02_LOD0,(-32.21, 0.12, -22.09),1,Mobile/Bumped Diffuse,302
PT_River_Rock_Pile_02 (3),N/A,(-32.21, 0.12, -22.09),0,,N/A
PT_Poppy_02_LOD2,PT_Poppy_02_LOD2,(-25.68, 0.06, -29.14),1,Mobile/Bumped Diffuse,25
PT_Poppy_02_LOD1,PT_Poppy_02_LOD1,(-25.68, 0.06, -29.14),1,Mobile/Bumped Diffuse,40
PT_Poppy_02_LOD0,PT_Poppy_02_LOD0,(-25.68, 0.06, -29.14),1,Mobile/Bumped Diffuse,71
PT_Poppy_02 (6),N/A,(-25.68, 0.06, -29.14),0,,N/A
PT_Grass_02_LOD2,PT_Grass_02_LOD2,(27.69, -0.05, 15.72),1,Mobile/Bumped Diffuse,18
PT_Grass_02 (97),N/A,(27.69, -0.05, 15.72),0,,N/A
PT_Poppy_02_LOD2,PT_Poppy_02_LOD2,(-24.97, 0.06, -14.97),1,Mobile/Bumped Diffuse,25
PT_Poppy_02_LOD1,PT_Poppy_02_LOD1,(-24.97, 0.06, -14.97),1,Mobile/Bumped Diffuse,40
PT_Poppy_02_LOD0,PT_Poppy_02_LOD0,(-24.97, 0.06, -14.97),1,Mobile/Bumped Diffuse,71
PT_Poppy_02 (30),N/A,(-24.97, 0.06, -14.97),0,,N/A
Lemon Tree 4 (5),Lemon Tree 4 no fruits,(-24.89, 0.42, -13.19),2,Mobile/Bumped Diffuse,Mobile/Bumped Diffuse,1038
Plant4 (7),Plant4,(-17.22, 0.12, -10.27),1,Standard (Specular setup),84
PT_Grass_02_LOD2,PT_Grass_02_LOD2,(28.12, -0.05, 16.66),1,Mobile/Bumped Diffuse,18
PT_Grass_02 (64),N/A,(28.12, -0.05, 16.66),0,,N/A
Rock_04_LOD2,Rock_04_LOD2,(-0.53, -1.06, 14.51),1,Mobile/Bumped Diffuse,258
Rock_04_LOD1,Rock_04_LOD1,(-0.53, -1.06, 14.51),1,Mobile/Bumped Diffuse,458
Rock_04_LOD0,Rock_04_LOD0,(-0.53, -1.06, 14.51),1,Mobile/Bumped Diffuse,996
Rock_04 (3),N/A,(-0.53, -1.06, 14.51),0,,N/A
Lemon Tree 4 (07),Lemon Tree 4 no fruits,(26.79, 0.34, -12.66),2,Mobile/Bumped Diffuse,Mobile/Bumped Diffuse,1038
Lemon Tree 4 (7),Lemon Tree 4 no fruits,(-28.57, 0.36, -29.25),2,Mobile/Bumped Diffuse,Mobile/Bumped Diffuse,1038
Lemon Tree 4 (12),Lemon Tree 4 no fruits,(-22.25, 0.42, -11.50),2,Mobile/Bumped Diffuse,Mobile/Bumped Diffuse,1038
Plant4 (9),Plant4,(-16.80, 0.12, -8.16),1,Standard (Specular setup),84
Flower8,Flower8,(28.48, 0.11, 0.70),1,Standard (Specular setup),111
PT_Grass_02_LOD2,PT_Grass_02_LOD2,(24.39, -0.05, 21.99),1,Mobile/Bumped Diffuse,18
PT_Grass_02 (31),N/A,(24.39, -0.05, 21.99),0,,N/A
PT_Grass_02_LOD2,PT_Grass_02_LOD2,(27.69, -0.05, 18.19),1,Mobile/Bumped Diffuse,18
PT_Grass_02 (58),N/A,(27.69, -0.05, 18.19),0,,N/A
PT_Modular_Fence_Wood_02 (19),PT_Modular_Fence_Wood_02,(22.04, 0.07, -12.78),1,Polytope Studio/ PT_Medieval Buildings Shader PBR,348
Stone2_LOD0,Stone2_LOD0,(-32.46, 0.10, -24.19),1,Mobile/Bumped Diffuse,180
Stone2,N/A,(-32.46, 0.28, -24.31),0,,N/A
Plant4 (18),Plant4,(-23.26, 0.12, -4.91),1,Standard (Specular setup),84
PT_Grass_02_LOD2,PT_Grass_02_LOD2,(27.68, -0.05, 18.53),1,Mobile/Bumped Diffuse,18
PT_Grass_02 (75),N/A,(27.68, -0.05, 18.53),0,,N/A
PT_Grass_02_LOD2,PT_Grass_02_LOD2,(17.77, -0.55, 21.65),1,Mobile/Bumped Diffuse,18
PT_Grass_02 (92),N/A,(17.77, -0.55, 21.65),0,,N/A
Bush03_L_LOD3,Bush03_L_LOD3,(-24.97, 0.11, -23.87),1,Mobile/Bumped Diffuse,352
Bush03_L_LOD2,Bush03_L_LOD2,(-24.97, 0.11, -23.87),1,Mobile/Bumped Diffuse,352
Bush03_L_LOD1,Bush03_L_LOD1,(-24.97, 0.11, -23.87),1,Mobile/Bumped Diffuse,704
Bush03_L_LOD0,Bush03_L_LOD0,(-24.97, 0.11, -23.87),1,Mobile/Bumped Diffuse,1408
Bush03_F_LOD2,Bush03_F_LOD2,(-24.97, 0.11, -23.87),1,Mobile/Bumped Diffuse,186
Bush03_F_LOD1,Bush03_F_LOD1,(-24.97, 0.11, -23.87),1,Mobile/Bumped Diffuse,310
Bush03_F_LOD0,Bush03_F_LOD0,(-24.97, 0.11, -23.87),1,Mobile/Bumped Diffuse,620
Bush03_B_LOD3,Bush03_B_LOD3,(-24.97, 0.11, -23.87),1,Mobile/Bumped Diffuse,126
Bush03_B_LOD2,Bush03_B_LOD2,(-24.97, 0.11, -23.87),1,Mobile/Bumped Diffuse,210
Bush03_B_LOD1,Bush03_B_LOD1,(-24.97, 0.11, -23.87),1,Mobile/Bumped Diffuse,476
Bush03_B_LOD0,Bush03_B_LOD0,(-24.97, 0.11, -23.87),1,Mobile/Bumped Diffuse,924
P_Bush03,N/A,(-24.97, 0.11, -23.87),0,,N/A
Mushroom4 (1),Mushroom4,(-32.42, 0.14, -8.05),1,Standard (Specular setup),264
Mushroom1 (1),Mushroom1,(28.73, 0.13, -9.54),1,Standard (Specular setup),264
Rock_05_LOD2,Rock_05_LOD2,(5.90, -0.90, 13.62),1,Mobile/Bumped Diffuse,218
Rock_05_LOD1,Rock_05_LOD1,(5.90, -0.90, 13.62),1,Mobile/Bumped Diffuse,442
Rock_05_LOD0,Rock_05_LOD0,(5.90, -0.90, 13.62),1,Mobile/Bumped Diffuse,916
Rock_05 (9),N/A,(5.90, -0.90, 13.62),0,,N/A
PT_Grass_02_LOD2,PT_Grass_02_LOD2,(27.23, -0.05, 17.85),1,Mobile/Bumped Diffuse,18
PT_Grass_02 (59),N/A,(27.23, -0.05, 17.85),0,,N/A
PT_Modular_Fence_Wood_02 (20),PT_Modular_Fence_Wood_02,(21.44, 0.07, -12.77),1,Polytope Studio/ PT_Medieval Buildings Shader PBR,348
Lemon Tree 4 (9),Lemon Tree 4 no fruits,(-24.53, 0.42, -18.74),2,Mobile/Bumped Diffuse,Mobile/Bumped Diffuse,1038
Flower2 (9),Flower2,(-31.82, 0.07, -20.77),1,Standard (Specular setup),62
Rock_06_LOD2,Rock_06_LOD2,(1.17, -1.01, 22.41),1,Mobile/Bumped Diffuse,188
Rock_06_LOD1,Rock_06_LOD1,(1.17, -1.01, 22.41),1,Mobile/Bumped Diffuse,396
Rock_06_LOD0,Rock_06_LOD0,(1.17, -1.01, 22.41),1,Mobile/Bumped Diffuse,838
Rock_06,N/A,(1.16, -1.07, 22.50),0,,N/A
PT_Grass_02_LOD2,PT_Grass_02_LOD2,(25.50, -0.05, 19.83),1,Mobile/Bumped Diffuse,18
PT_Grass_02 (55),N/A,(25.50, -0.05, 19.83),0,,N/A
PT_Poppy_02_LOD2,PT_Poppy_02_LOD2,(26.34, 0.02, -11.65),1,Mobile/Bumped Diffuse,25
PT_Poppy_02_LOD1,PT_Poppy_02_LOD1,(26.34, 0.02, -11.65),1,Mobile/Bumped Diffuse,40
PT_Poppy_02_LOD0,PT_Poppy_02_LOD0,(26.34, 0.02, -11.65),1,Mobile/Bumped Diffuse,71
PT_Poppy_02 (50),N/A,(26.34, 0.02, -11.65),0,,N/A
PT_Grass_02_LOD2,PT_Grass_02_LOD2,(29.03, -0.05, 17.60),1,Mobile/Bumped Diffuse,18
PT_Grass_02 (68),N/A,(29.03, -0.05, 17.60),0,,N/A
Flower6 (1),Flower6,(-32.40, -0.02, -12.10),1,Standard (Specular setup),138
Stone1_LOD2,Stone1_LOD2,(-32.77, 0.10, -27.86),1,Mobile/Bumped Diffuse,50
Stone1_LOD1,Stone1_LOD1,(-32.77, 0.10, -27.86),1,Mobile/Bumped Diffuse,87
Stone1_LOD0,Stone1_LOD0,(-32.77, 0.10, -27.86),1,Mobile/Bumped Diffuse,119
Stone1,N/A,(-32.77, 0.10, -27.86),0,,N/A
PT_Grass_02_LOD2,PT_Grass_02_LOD2,(25.00, -0.05, 20.77),1,Mobile/Bumped Diffuse,18
PT_Grass_02 (36),N/A,(25.00, -0.05, 20.77),0,,N/A
PT_Grass_02_LOD2,PT_Grass_02_LOD2,(27.18, -0.05, 19.08),1,Mobile/Bumped Diffuse,18
PT_Grass_02 (50),N/A,(27.18, -0.05, 19.08),0,,N/A
PT_Poppy_02_LOD2,PT_Poppy_02_LOD2,(-16.28, 0.06, -8.53),1,Mobile/Bumped Diffuse,25
PT_Poppy_02_LOD1,PT_Poppy_02_LOD1,(-16.28, 0.06, -8.53),1,Mobile/Bumped Diffuse,40
PT_Poppy_02_LOD0,PT_Poppy_02_LOD0,(-16.28, 0.06, -8.53),1,Mobile/Bumped Diffuse,71
PT_Poppy_02 (37),N/A,(-16.28, 0.06, -8.53),0,,N/A
Flower8 (3),Flower8,(28.39, 0.11, -2.17),1,Standard (Specular setup),111
PT_Poppy_02_LOD2,PT_Poppy_02_LOD2,(21.47, 0.06, -7.00),1,Mobile/Bumped Diffuse,25
PT_Poppy_02_LOD1,PT_Poppy_02_LOD1,(21.47, 0.06, -7.00),1,Mobile/Bumped Diffuse,40
PT_Poppy_02_LOD0,PT_Poppy_02_LOD0,(21.47, 0.06, -7.00),1,Mobile/Bumped Diffuse,71
PT_Poppy_02 (51),N/A,(21.47, 0.06, -7.00),0,,N/A
Flower2 (11),Flower2,(28.87, 0.03, -10.97),1,Standard (Specular setup),62
PT_Grass_02_LOD2,PT_Grass_02_LOD2,(28.10, -0.05, 18.18),1,Mobile/Bumped Diffuse,18
PT_Grass_02 (51),N/A,(28.10, -0.05, 18.18),0,,N/A
PT_Modular_Fence_Wood_02 (5),PT_Modular_Fence_Wood_02,(29.16, 0.07, -11.31),1,Polytope Studio/ PT_Medieval Buildings Shader PBR,348
PT_Grass_02_LOD2,PT_Grass_02_LOD2,(27.65, -0.05, 18.15),1,Mobile/Bumped Diffuse,18
PT_Grass_02 (70),N/A,(27.65, -0.05, 18.15),0,,N/A
PT_Poppy_02_LOD2,PT_Poppy_02_LOD2,(-24.97, 0.06, -13.76),1,Mobile/Bumped Diffuse,25
PT_Poppy_02_LOD1,PT_Poppy_02_LOD1,(-24.97, 0.06, -13.76),1,Mobile/Bumped Diffuse,40
PT_Poppy_02_LOD0,PT_Poppy_02_LOD0,(-24.97, 0.06, -13.76),1,Mobile/Bumped Diffuse,71
PT_Poppy_02 (31),N/A,(-24.97, 0.06, -13.76),0,,N/A
PT_Poppy_02_LOD2,PT_Poppy_02_LOD2,(-32.41, -0.09, -16.67),1,Mobile/Bumped Diffuse,25
PT_Poppy_02_LOD1,PT_Poppy_02_LOD1,(-32.41, -0.09, -16.67),1,Mobile/Bumped Diffuse,40
PT_Poppy_02_LOD0,PT_Poppy_02_LOD0,(-32.41, -0.09, -16.67),1,Mobile/Bumped Diffuse,71
PT_Poppy_02 (13),N/A,(-32.41, -0.09, -16.67),0,,N/A
PT_Grass_02_LOD2,PT_Grass_02_LOD2,(28.87, -0.05, 19.01),1,Mobile/Bumped Diffuse,18
PT_Grass_02 (76),N/A,(28.87, -0.05, 19.01),0,,N/A
PT_River_Rock_Pile_02_LOD2,PT_River_Rock_Pile_02_LOD2,(-32.18, 0.08, -27.30),1,Mobile/Bumped Diffuse,83
PT_River_Rock_Pile_02_LOD1,PT_River_Rock_Pile_02_LOD1,(-32.18, 0.08, -27.30),1,Mobile/Bumped Diffuse,163
PT_River_Rock_Pile_02_LOD0,PT_River_Rock_Pile_02_LOD0,(-32.18, 0.08, -27.30),1,Mobile/Bumped Diffuse,302
PT_River_Rock_Pile_02,N/A,(-32.18, 0.08, -27.30),0,,N/A
Fern1 (4),Fern1,(-24.78, 0.03, -13.31),1,Standard (Specular setup),6
Fern3 (6),Fern3,(-32.28, 0.11, -5.01),1,Standard (Specular setup),276
Plant4 (12),Plant4,(-16.82, 0.12, -11.36),1,Standard (Specular setup),84
Deciduous_tree3,Deciduous_tree3,(15.08, 0.21, 12.58),2,Mobile/Bumped Diffuse,Mobile/Bumped Diffuse,816
Flower2 (10),Flower2,(-32.15, 0.07, -20.16),1,Standard (Specular setup),62
PT_Poppy_02_LOD2,PT_Poppy_02_LOD2,(-16.43, 0.06, -8.70),1,Mobile/Bumped Diffuse,25
PT_Poppy_02_LOD1,PT_Poppy_02_LOD1,(-16.43, 0.06, -8.70),1,Mobile/Bumped Diffuse,40
PT_Poppy_02_LOD0,PT_Poppy_02_LOD0,(-16.43, 0.06, -8.70),1,Mobile/Bumped Diffuse,71
PT_Poppy_02 (38),N/A,(-16.43, 0.06, -8.70),0,,N/A
Lemon Tree 4 (1),Lemon Tree 4 no fruits,(-24.50, 0.00, -14.97),2,Mobile/Bumped Diffuse,Mobile/Bumped Diffuse,1038
Flower2 (15),Flower2,(21.25, 0.03, -9.50),1,Standard (Specular setup),62
hands:b_l_thumb_ignore,N/A,(-28.98, 1.21, -28.59),0,,N/A
hands:b_l_thumb3,N/A,(-29.00, 1.21, -28.62),0,,N/A
hands:b_l_thumb2,N/A,(-29.02, 1.22, -28.64),0,,N/A
hands:b_l_thumb1,N/A,(-29.04, 1.21, -28.66),0,,N/A
hands:b_l_ring_ignore,N/A,(-29.01, 1.13, -28.54),0,,N/A
hands:b_l_ring3,N/A,(-29.03, 1.13, -28.56),0,,N/A
hands:b_l_ring2,N/A,(-29.05, 1.14, -28.57),0,,N/A
hands:b_l_ring1,N/A,(-29.06, 1.15, -28.61),0,,N/A
hands:b_l_pinky_ignore,N/A,(-29.01, 1.11, -28.57),0,,N/A
hands:b_l_pinky3,N/A,(-29.03, 1.11, -28.58),0,,N/A
hands:b_l_pinky2,N/A,(-29.04, 1.12, -28.59),0,,N/A
hands:b_l_pinky1,N/A,(-29.05, 1.13, -28.62),0,,N/A
hands:b_l_pinky0,N/A,(-29.06, 1.16, -28.67),0,,N/A
hands:b_l_middle_ignore,N/A,(-29.00, 1.15, -28.53),0,,N/A
hands:b_l_middle3,N/A,(-29.02, 1.16, -28.54),0,,N/A
hands:b_l_middle2,N/A,(-29.05, 1.16, -28.56),0,,N/A
hands:b_l_middle1,N/A,(-29.06, 1.17, -28.60),0,,N/A
hands:b_l_index_ignore,N/A,(-28.99, 1.19, -28.53),0,,N/A
hands:b_l_index3,N/A,(-29.02, 1.19, -28.55),0,,N/A
hands:b_l_index2,N/A,(-29.03, 1.19, -28.56),0,,N/A
hands:b_l_index1,N/A,(-29.05, 1.20, -28.60),0,,N/A
hands:b_l_hand_ignore,N/A,(-29.05, 1.15, -28.56),0,,N/A
hands:b_l_grip,N/A,(-29.04, 1.18, -28.62),0,,N/A
hands:b_l_hand,N/A,(-29.08, 1.18, -28.69),0,,N/A
hands:l_hand_world,N/A,(-29.08, 1.18, -28.69),0,,N/A
hands:Lhand,hands:Lhand,(-29.01, 1.20, -28.63),1,Standard,1678
hands:hands_geom,N/A,(-29.01, 1.20, -28.63),0,,N/A
Flower2 (8),Flower2,(-32.05, 0.07, -20.37),1,Standard (Specular setup),62
Rock_04_LOD2,Rock_04_LOD2,(15.91, -0.62, 21.21),1,Mobile/Bumped Diffuse,258
Rock_04_LOD1,Rock_04_LOD1,(15.91, -0.62, 21.21),1,Mobile/Bumped Diffuse,458
Rock_04_LOD0,Rock_04_LOD0,(15.91, -0.62, 21.21),1,Mobile/Bumped Diffuse,996
Rock_04 (2),N/A,(15.91, -0.62, 21.21),0,,N/A
PT_Modular_Fence_Wood_02 (17),PT_Modular_Fence_Wood_02,(23.26, 0.07, -12.80),1,Polytope Studio/ PT_Medieval Buildings Shader PBR,348
PT_Fruit_Tree_01_pears_LOD2,PT_Fruit_Tree_01_pears_LOD2,(2.95, 0.16, 12.35),2,Mobile/Bumped Diffuse,Mobile/Bumped Diffuse,917
PT_Fruit_Tree_01_pears_LOD1,PT_Fruit_Tree_01_pears_LOD1,(2.95, 0.16, 12.35),2,Mobile/Bumped Diffuse,Mobile/Bumped Diffuse,1781
PT_Fruit_Tree_01_pears_LOD0,PT_Fruit_Tree_01_pears_LOD0,(2.95, 0.16, 12.35),2,Mobile/Bumped Diffuse,Mobile/Bumped Diffuse,2870
PT_Fruit_Tree_01_pears,N/A,(2.95, 0.16, 12.35),0,,N/A
PT_Poppy_02_LOD2,PT_Poppy_02_LOD2,(-25.43, 0.06, -21.29),1,Mobile/Bumped Diffuse,25
PT_Poppy_02_LOD1,PT_Poppy_02_LOD1,(-25.43, 0.06, -21.29),1,Mobile/Bumped Diffuse,40
PT_Poppy_02_LOD0,PT_Poppy_02_LOD0,(-25.43, 0.06, -21.29),1,Mobile/Bumped Diffuse,71
PT_Poppy_02 (3),N/A,(-25.43, 0.06, -21.29),0,,N/A
PT_Grass_02_LOD2,PT_Grass_02_LOD2,(27.01, -0.05, 21.98),1,Mobile/Bumped Diffuse,18
PT_Grass_02 (9),N/A,(27.01, -0.05, 21.98),0,,N/A
Flower2 (7),Flower2,(-32.39, 0.03, -27.01),1,Standard (Specular setup),62
Flower2 (4),Flower2,(-24.87, 0.03, -27.89),1,Standard (Specular setup),62
PT_Fruit_Tree_01_logs,PT_Fruit_Tree_01_logs,(-25.75, 0.09, -20.52),1,Polytope Studio/PT_Vegetation_Opaque_Shader,959
Bush03_L_LOD3,Bush03_L_LOD3,(-25.12, 0.06, -13.65),1,Mobile/Bumped Diffuse,352
Bush03_L_LOD2,Bush03_L_LOD2,(-25.12, 0.06, -13.65),1,Mobile/Bumped Diffuse,352
Bush03_L_LOD1,Bush03_L_LOD1,(-25.12, 0.06, -13.65),1,Mobile/Bumped Diffuse,704
Bush03_L_LOD0,Bush03_L_LOD0,(-25.12, 0.06, -13.65),1,Mobile/Bumped Diffuse,1408
Bush03_F_LOD2,Bush03_F_LOD2,(-25.12, 0.06, -13.65),1,Mobile/Bumped Diffuse,186
Bush03_F_LOD1,Bush03_F_LOD1,(-25.12, 0.06, -13.65),1,Mobile/Bumped Diffuse,310
Bush03_F_LOD0,Bush03_F_LOD0,(-25.12, 0.06, -13.65),1,Mobile/Bumped Diffuse,620
Bush03_B_LOD3,Bush03_B_LOD3,(-25.12, 0.06, -13.65),1,Mobile/Bumped Diffuse,126
Bush03_B_LOD2,Bush03_B_LOD2,(-25.12, 0.06, -13.65),1,Mobile/Bumped Diffuse,210
Bush03_B_LOD1,Bush03_B_LOD1,(-25.12, 0.06, -13.65),1,Mobile/Bumped Diffuse,476
Bush03_B_LOD0,Bush03_B_LOD0,(-25.12, 0.06, -13.65),1,Mobile/Bumped Diffuse,924
P_Bush03 (2),N/A,(-25.12, 0.06, -13.65),0,,N/A
PT_Grass_02_LOD2,PT_Grass_02_LOD2,(28.58, -0.05, 17.01),1,Mobile/Bumped Diffuse,18
PT_Grass_02 (63),N/A,(28.58, -0.05, 17.01),0,,N/A
PT_Grass_02_LOD2,PT_Grass_02_LOD2,(26.40, -0.05, 21.40),1,Mobile/Bumped Diffuse,18
PT_Grass_02 (8),N/A,(26.40, -0.05, 21.40),0,,N/A
Fern2 (1),Fern2,(10.81, -2.26, 26.29),1,Standard (Specular setup),60
PT_Grass_02_LOD2,PT_Grass_02_LOD2,(27.57, -0.05, 15.88),1,Mobile/Bumped Diffuse,18
PT_Grass_02 (94),N/A,(27.57, -0.05, 15.88),0,,N/A
PT_Grass_02_LOD2,PT_Grass_02_LOD2,(24.39, -0.05, 20.20),1,Mobile/Bumped Diffuse,18
PT_Grass_02 (33),N/A,(24.39, -0.05, 20.20),0,,N/A
Plant4 (8),Plant4,(-16.64, 0.12, -8.12),1,Standard (Specular setup),84
Plant4 (15),Plant4,(-21.47, 0.12, -12.16),1,Standard (Specular setup),84
PT_Grass_02_LOD2,PT_Grass_02_LOD2,(26.42, -0.05, 18.93),1,Mobile/Bumped Diffuse,18
PT_Grass_02 (54),N/A,(26.42, -0.05, 18.93),0,,N/A
PT_River_Rock_Pile_02_LOD2,PT_River_Rock_Pile_02_LOD2,(-3.70, 0.12, 12.46),1,Mobile/Bumped Diffuse,83
PT_River_Rock_Pile_02_LOD1,PT_River_Rock_Pile_02_LOD1,(-3.70, 0.12, 12.46),1,Mobile/Bumped Diffuse,163
PT_River_Rock_Pile_02_LOD0,PT_River_Rock_Pile_02_LOD0,(-3.70, 0.12, 12.46),1,Mobile/Bumped Diffuse,302
PT_River_Rock_Pile_02 (9),N/A,(-3.70, 0.12, 12.46),0,,N/A
PT_Grass_02_LOD2,PT_Grass_02_LOD2,(28.40, 0.05, 16.59),1,Mobile/Bumped Diffuse,18
PT_Grass_02 (98),N/A,(28.40, 0.05, 16.59),0,,N/A
PT_Poppy_02_LOD2,PT_Poppy_02_LOD2,(-24.97, 0.06, -24.60),1,Mobile/Bumped Diffuse,25
PT_Poppy_02_LOD1,PT_Poppy_02_LOD1,(-24.97, 0.06, -24.60),1,Mobile/Bumped Diffuse,40
PT_Poppy_02_LOD0,PT_Poppy_02_LOD0,(-24.97, 0.06, -24.60),1,Mobile/Bumped Diffuse,71
PT_Poppy_02 (5),N/A,(-24.97, 0.06, -24.60),0,,N/A
Plant4 (1),Plant4,(-32.29, 0.12, -8.23),1,Standard (Specular setup),84
Lemon Tree 4 (13),Lemon Tree 4 no fruits,(-32.53, 0.14, -15.36),2,Mobile/Bumped Diffuse,Mobile/Bumped Diffuse,1038
Flower2 (1),Flower2,(-24.67, 0.03, -28.69),1,Standard (Specular setup),62
PT_River_Rock_Pile_02_LOD2,PT_River_Rock_Pile_02_LOD2,(-4.26, 0.12, 11.60),1,Mobile/Bumped Diffuse,83
PT_River_Rock_Pile_02_LOD1,PT_River_Rock_Pile_02_LOD1,(-4.26, 0.12, 11.60),1,Mobile/Bumped Diffuse,163
PT_River_Rock_Pile_02_LOD0,PT_River_Rock_Pile_02_LOD0,(-4.26, 0.12, 11.60),1,Mobile/Bumped Diffuse,302
PT_River_Rock_Pile_02 (8),N/A,(-4.26, 0.12, 11.60),0,,N/A
Lemon Tree 4 (4),Lemon Tree 4 no fruits,(24.49, 0.17, -12.21),2,Mobile/Bumped Diffuse,Mobile/Bumped Diffuse,1038
Plant1,Plant1,(8.50, -2.26, 26.90),1,Standard (Specular setup),50
Rock_05_LOD2,Rock_05_LOD2,(8.08, -0.85, 13.65),1,Mobile/Bumped Diffuse,218
Rock_05_LOD1,Rock_05_LOD1,(8.08, -0.85, 13.65),1,Mobile/Bumped Diffuse,442
Rock_05_LOD0,Rock_05_LOD0,(8.08, -0.85, 13.65),1,Mobile/Bumped Diffuse,916
Rock_05 (8),N/A,(8.08, -0.85, 13.65),0,,N/A
Fern3 (10),Fern3,(-17.72, 0.11, -10.63),1,Standard (Specular setup),276
PT_Grass_02_LOD2,PT_Grass_02_LOD2,(21.20, -0.05, 21.12),1,Mobile/Bumped Diffuse,18
PT_Grass_02 (4),N/A,(21.20, -0.05, 21.12),0,,N/A
PT_Fruit_Tree_01_apples_LOD2,PT_Fruit_Tree_01_apples_LOD2,(28.06, 0.40, -3.61),2,Mobile/Bumped Diffuse,Mobile/Bumped Diffuse,917
PT_Fruit_Tree_01_apples_LOD1,PT_Fruit_Tree_01_apples_LOD1,(28.06, 0.40, -3.61),2,Mobile/Bumped Diffuse,Mobile/Bumped Diffuse,1781
PT_Fruit_Tree_01_apples_LOD0,PT_Fruit_Tree_01_apples_LOD0,(28.06, 0.40, -3.61),2,Mobile/Bumped Diffuse,Mobile/Bumped Diffuse,2870
PT_Fruit_Tree_01_apples,N/A,(28.06, 0.40, -3.61),0,,N/A
Circular Plane (2),Circular Plane,(8.24, -0.93, 17.92),1,Standard (Specular setup),512
Flower8 (15),Flower8,(21.57, 0.11, -5.04),1,Standard (Specular setup),111
Fern3 (16),Fern3,(-19.70, 0.11, -11.57),1,Standard (Specular setup),276
PT_River_Rock_Pile_02_LOD2,PT_River_Rock_Pile_02_LOD2,(-32.41, 0.12, -11.78),1,Mobile/Bumped Diffuse,83
PT_River_Rock_Pile_02_LOD1,PT_River_Rock_Pile_02_LOD1,(-32.41, 0.12, -11.78),1,Mobile/Bumped Diffuse,163
PT_River_Rock_Pile_02_LOD0,PT_River_Rock_Pile_02_LOD0,(-32.41, 0.12, -11.78),1,Mobile/Bumped Diffuse,302
PT_River_Rock_Pile_02 (6),N/A,(-32.41, 0.12, -11.78),0,,N/A
PT_Grass_02_LOD2,PT_Grass_02_LOD2,(27.67, -0.05, 22.17),1,Mobile/Bumped Diffuse,18
PT_Grass_02 (10),N/A,(27.67, -0.05, 22.17),0,,N/A
PT_River_Rock_Pile_02_LOD2,PT_River_Rock_Pile_02_LOD2,(-32.35, 0.12, -11.57),1,Mobile/Bumped Diffuse,83
PT_River_Rock_Pile_02_LOD1,PT_River_Rock_Pile_02_LOD1,(-32.35, 0.12, -11.57),1,Mobile/Bumped Diffuse,163
PT_River_Rock_Pile_02_LOD0,PT_River_Rock_Pile_02_LOD0,(-32.35, 0.12, -11.57),1,Mobile/Bumped Diffuse,302
PT_River_Rock_Pile_02 (4),N/A,(-32.35, 0.12, -11.57),0,,N/A
PT_Grass_02_LOD2,PT_Grass_02_LOD2,(26.53, -0.05, 20.77),1,Mobile/Bumped Diffuse,18
PT_Grass_02 (39),N/A,(26.53, -0.05, 20.77),0,,N/A
Stone2_LOD0,Stone2_LOD0,(-32.55, 0.10, -24.76),1,Mobile/Bumped Diffuse,180
Stone2 (1),N/A,(-32.55, 0.45, -25.01),0,,N/A
Lemon Tree 4 (4),Lemon Tree 4 no fruits,(-32.53, 0.42, -13.19),2,Mobile/Bumped Diffuse,Mobile/Bumped Diffuse,1038
PT_Poppy_02_LOD2,PT_Poppy_02_LOD2,(-17.06, 0.06, -11.14),1,Mobile/Bumped Diffuse,25
PT_Poppy_02_LOD1,PT_Poppy_02_LOD1,(-17.06, 0.06, -11.14),1,Mobile/Bumped Diffuse,40
PT_Poppy_02_LOD0,PT_Poppy_02_LOD0,(-17.06, 0.06, -11.14),1,Mobile/Bumped Diffuse,71
PT_Poppy_02 (20),N/A,(-17.06, 0.06, -11.14),0,,N/A
PT_Modular_Fence_Wood_02 (26),PT_Modular_Fence_Wood_02,(20.58, 0.07, -9.84),1,Polytope Studio/ PT_Medieval Buildings Shader PBR,348
PT_Grass_02_LOD2,PT_Grass_02_LOD2,(20.54, -0.05, 13.71),1,Mobile/Bumped Diffuse,18
PT_Grass_02 (85),N/A,(20.54, -0.05, 13.71),0,,N/A
PT_Grass_02_LOD2,PT_Grass_02_LOD2,(21.25, -0.05, 13.71),1,Mobile/Bumped Diffuse,18
PT_Grass_02 (86),N/A,(21.25, -0.05, 13.71),0,,N/A
Fern3 (7),Fern3,(-31.46, 0.11, -5.01),1,Standard (Specular setup),276
PT_Poppy_02_LOD2,PT_Poppy_02_LOD2,(-16.47, 0.06, -8.50),1,Mobile/Bumped Diffuse,25
PT_Poppy_02_LOD1,PT_Poppy_02_LOD1,(-16.47, 0.06, -8.50),1,Mobile/Bumped Diffuse,40
PT_Poppy_02_LOD0,PT_Poppy_02_LOD0,(-16.47, 0.06, -8.50),1,Mobile/Bumped Diffuse,71
PT_Poppy_02 (39),N/A,(-16.47, 0.06, -8.50),0,,N/A
PT_Poppy_02_LOD2,PT_Poppy_02_LOD2,(-16.92, 0.06, -8.98),1,Mobile/Bumped Diffuse,25
PT_Poppy_02_LOD1,PT_Poppy_02_LOD1,(-16.92, 0.06, -8.98),1,Mobile/Bumped Diffuse,40
PT_Poppy_02_LOD0,PT_Poppy_02_LOD0,(-16.92, 0.06, -8.98),1,Mobile/Bumped Diffuse,71
PT_Poppy_02 (48),N/A,(-16.92, 0.06, -8.98),0,,N/A
Fern3 (4),Fern3,(-32.62, 0.11, -6.84),1,Standard (Specular setup),276
Flower8 (11),Flower8,(20.84, 0.11, -2.79),1,Standard (Specular setup),111
PT_Poppy_02_LOD2,PT_Poppy_02_LOD2,(-22.83, 0.06, -11.59),1,Mobile/Bumped Diffuse,25
PT_Poppy_02_LOD1,PT_Poppy_02_LOD1,(-22.83, 0.06, -11.59),1,Mobile/Bumped Diffuse,40
PT_Poppy_02_LOD0,PT_Poppy_02_LOD0,(-22.83, 0.06, -11.59),1,Mobile/Bumped Diffuse,71
PT_Poppy_02 (35),N/A,(-22.83, 0.06, -11.59),0,,N/A
Rock1 (3),Rock1,(-32.39, 0.09, -24.06),1,Mobile/Bumped Diffuse,658
PT_Modular_Fence_Wood_02 (7),PT_Modular_Fence_Wood_02,(29.19, 0.07, -12.90),1,Polytope Studio/ PT_Medieval Buildings Shader PBR,348
PT_Fruit_Tree_01_plums_LOD2,PT_Fruit_Tree_01_plums_LOD2,(-25.37, 0.14, -16.93),2,Mobile/Bumped Diffuse,Mobile/Bumped Diffuse,917
PT_Fruit_Tree_01_plums_LOD1,PT_Fruit_Tree_01_plums_LOD1,(-25.37, 0.14, -16.93),2,Mobile/Bumped Diffuse,Mobile/Bumped Diffuse,1593
PT_Fruit_Tree_01_plums_LOD0,PT_Fruit_Tree_01_plums_LOD0,(-25.37, 0.14, -16.93),2,Mobile/Bumped Diffuse,Mobile/Bumped Diffuse,2678
PT_Fruit_Tree_01_plums,N/A,(-25.37, 0.14, -16.93),0,,N/A
Rock_02_LOD2,Rock_02_LOD2,(-28.65, 0.23, -30.18),1,Mobile/Bumped Diffuse,222
Rock_02_LOD1,Rock_02_LOD1,(-28.65, 0.23, -30.18),1,Mobile/Bumped Diffuse,466
Rock_02_LOD0 ,Rock_02_LOD0 ,(-28.65, 0.23, -30.18),1,Mobile/Bumped Diffuse,846
Rock_02,N/A,(-28.63, 0.24, -30.11),0,,N/A
PT_Grass_02_LOD2,PT_Grass_02_LOD2,(23.39, -0.05, 21.98),1,Mobile/Bumped Diffuse,18
PT_Grass_02 (16),N/A,(23.39, -0.05, 21.98),0,,N/A
Willow_tree1,Willow_tree1,(28.10, 0.13, 21.01),2,Mobile/Bumped Diffuse,Mobile/Bumped Diffuse,1395
PT_Grass_02_LOD2,PT_Grass_02_LOD2,(26.68, -0.05, 18.26),1,Mobile/Bumped Diffuse,18
PT_Grass_02 (60),N/A,(26.68, -0.05, 18.26),0,,N/A
PT_Grass_02_LOD2,PT_Grass_02_LOD2,(26.40, -0.05, 21.98),1,Mobile/Bumped Diffuse,18
PT_Grass_02 (11),N/A,(26.40, -0.05, 21.98),0,,N/A
PT_Caesars_Mushroom_01 (1),PT_Caesars_Mushroom_01,(-25.43, 0.05, -19.65),1,Polytope Studio/PT_Vegetation_Opaque_Shader,64
Plant1,Plant1,(21.06, 0.13, -12.53),1,Standard (Specular setup),50
Rock_05_LOD2,Rock_05_LOD2,(9.66, -0.80, 21.70),1,Mobile/Bumped Diffuse,218
Rock_05_LOD1,Rock_05_LOD1,(9.66, -0.80, 21.70),1,Mobile/Bumped Diffuse,442
Rock_05_LOD0,Rock_05_LOD0,(9.66, -0.80, 21.70),1,Mobile/Bumped Diffuse,916
Rock_05 (1),N/A,(9.66, -0.80, 21.70),0,,N/A
PT_River_Rock_Pile_02_LOD2,PT_River_Rock_Pile_02_LOD2,(-5.34, 0.12, 11.86),1,Mobile/Bumped Diffuse,83
PT_River_Rock_Pile_02_LOD1,PT_River_Rock_Pile_02_LOD1,(-5.34, 0.12, 11.86),1,Mobile/Bumped Diffuse,163
PT_River_Rock_Pile_02_LOD0,PT_River_Rock_Pile_02_LOD0,(-5.34, 0.12, 11.86),1,Mobile/Bumped Diffuse,302
PT_River_Rock_Pile_02 (4),N/A,(-5.34, 0.12, 11.86),0,,N/A
Mushroom4 (5),Mushroom4,(28.73, 0.11, -9.43),1,Standard (Specular setup),264
Rock_05_LOD2,Rock_05_LOD2,(7.84, -0.90, 21.95),1,Mobile/Bumped Diffuse,218
Rock_05_LOD1,Rock_05_LOD1,(7.84, -0.90, 21.95),1,Mobile/Bumped Diffuse,442
Rock_05_LOD0,Rock_05_LOD0,(7.84, -0.90, 21.95),1,Mobile/Bumped Diffuse,916
Rock_05 (3),N/A,(7.84, -0.90, 21.95),0,,N/A
PT_Grass_02_LOD2,PT_Grass_02_LOD2,(21.25, -0.05, 14.37),1,Mobile/Bumped Diffuse,18
PT_Grass_02 (87),N/A,(21.25, -0.05, 14.37),0,,N/A
Fern3 (18),Fern3,(-25.40, 0.09, -4.61),1,Standard (Specular setup),276
PT_Grass_02_LOD2,PT_Grass_02_LOD2,(28.66, -0.05, 18.09),1,Mobile/Bumped Diffuse,18
PT_Grass_02 (72),N/A,(28.66, -0.05, 18.09),0,,N/A
PT_Grass_02_LOD2,PT_Grass_02_LOD2,(22.78, -0.05, 20.13),1,Mobile/Bumped Diffuse,18
PT_Grass_02 (21),N/A,(22.78, -0.05, 20.13),0,,N/A
Fern1 (3),Fern1,(-24.97, 0.03, -13.05),1,Standard (Specular setup),6
PT_Modular_Fence_Wood_02 (13),PT_Modular_Fence_Wood_02,(25.69, 0.07, -12.84),1,Polytope Studio/ PT_Medieval Buildings Shader PBR,348
PT_Grass_02_LOD2,PT_Grass_02_LOD2,(22.78, -0.05, 21.98),1,Mobile/Bumped Diffuse,18
PT_Grass_02 (13),N/A,(22.78, -0.05, 21.98),0,,N/A
Plant1 (1),Plant1,(20.55, 0.13, -2.92),1,Standard (Specular setup),50
Lemon Tree 4 (17),Lemon Tree 4 no fruits,(-16.51, 0.42, -4.66),2,Mobile/Bumped Diffuse,Mobile/Bumped Diffuse,1038
Nest_03_LOD2,Nest_03_LOD2,(-4.87, 0.17, 11.94),2,Mobile/Bumped Diffuse,Standard,906
Nest_03_LOD1,Nest_03_LOD1,(-4.87, 0.17, 11.94),2,Mobile/Bumped Diffuse,Standard,2268
Nest_03_LOD0,Nest_03_LOD0,(-4.87, 0.17, 11.94),2,Mobile/Bumped Diffuse,Standard,4536
Nest_03 (2),N/A,(-4.87, 0.17, 11.94),0,,N/A
Rock3,Rock3,(2.77, -2.26, 26.39),1,Mobile/Bumped Diffuse,514
Lemon Tree 4 (6),Lemon Tree 4 no fruits,(28.54, 0.23, 7.94),2,Mobile/Bumped Diffuse,Mobile/Bumped Diffuse,1038
PT_Modular_Fence_Wood_02 (30),PT_Modular_Fence_Wood_02,(20.58, 0.07, -7.48),1,Polytope Studio/ PT_Medieval Buildings Shader PBR,348
Oak_tree1,Oak_tree1,(28.57, 0.14, 4.95),2,Mobile/Bumped Diffuse,Mobile/Bumped Diffuse,1657
Flower8 (10),Flower8,(21.43, 0.11, -4.33),1,Standard (Specular setup),111
Fern3 (20),Fern3,(-26.05, 0.07, -4.99),1,Standard (Specular setup),276
Rock_01_LOD2,Rock_01_LOD2,(27.34, -0.56, 22.09),1,Mobile/Bumped Diffuse,228
Rock_01_LOD1,Rock_01_LOD1,(27.34, -0.56, 22.09),1,Mobile/Bumped Diffuse,472
Rock_01_LOD0,Rock_01_LOD0,(27.34, -0.56, 22.09),1,Mobile/Bumped Diffuse,864
Rock_01,N/A,(27.40, -0.62, 22.26),0,,N/A
PT_Poppy_02_LOD2,PT_Poppy_02_LOD2,(-16.62, 0.06, -8.60),1,Mobile/Bumped Diffuse,25
PT_Poppy_02_LOD1,PT_Poppy_02_LOD1,(-16.62, 0.06, -8.60),1,Mobile/Bumped Diffuse,40
PT_Poppy_02_LOD0,PT_Poppy_02_LOD0,(-16.62, 0.06, -8.60),1,Mobile/Bumped Diffuse,71
PT_Poppy_02 (40),N/A,(-16.62, 0.06, -8.60),0,,N/A
Flower5 (3),Flower5,(-30.37, 0.10, -29.50),1,Standard (Specular setup),154
Rock_01_LOD2,Rock_01_LOD2,(-26.89, 0.22, -29.50),1,Mobile/Bumped Diffuse,228
Rock_01_LOD1,Rock_01_LOD1,(-26.89, 0.22, -29.50),1,Mobile/Bumped Diffuse,472
Rock_01_LOD0,Rock_01_LOD0,(-26.89, 0.22, -29.50),1,Mobile/Bumped Diffuse,864
Rock_01,N/A,(-26.89, 0.22, -29.48),0,,N/A
Plant4 (16),Plant4,(-18.72, 0.12, -11.47),1,Standard (Specular setup),84
Food_apple,Food_apple,(-32.04, 0.08, -27.15),1,Standard (Specular setup),90
Fern3 (9),Fern3,(-32.76, 0.11, -6.21),1,Standard (Specular setup),276
Lemon Tree 4 (19),Lemon Tree 4 no fruits,(-32.53, 0.42, -10.67),2,Mobile/Bumped Diffuse,Mobile/Bumped Diffuse,1038
Circular Plane (3),Circular Plane,(3.48, -1.05, 17.92),1,Standard (Specular setup),512
PT_Poppy_02_LOD2,PT_Poppy_02_LOD2,(-20.01, 0.06, -10.59),1,Mobile/Bumped Diffuse,25
PT_Poppy_02_LOD1,PT_Poppy_02_LOD1,(-20.01, 0.06, -10.59),1,Mobile/Bumped Diffuse,40
PT_Poppy_02_LOD0,PT_Poppy_02_LOD0,(-20.01, 0.06, -10.59),1,Mobile/Bumped Diffuse,71
PT_Poppy_02 (15),N/A,(-20.01, 0.06, -10.59),0,,N/A
Lemon Tree 4 (2),Lemon Tree 4 no fruits,(28.43, 0.23, -5.67),2,Mobile/Bumped Diffuse,Mobile/Bumped Diffuse,1038
Mushroom4,Mushroom4,(-24.82, 0.11, -27.15),1,Standard (Specular setup),264
PT_Poppy_02_LOD2,PT_Poppy_02_LOD2,(-19.87, 0.06, -10.49),1,Mobile/Bumped Diffuse,25
PT_Poppy_02_LOD1,PT_Poppy_02_LOD1,(-19.87, 0.06, -10.49),1,Mobile/Bumped Diffuse,40
PT_Poppy_02_LOD0,PT_Poppy_02_LOD0,(-19.87, 0.06, -10.49),1,Mobile/Bumped Diffuse,71
PT_Poppy_02 (17),N/A,(-19.87, 0.06, -10.49),0,,N/A
PT_Modular_Fence_Wood_02 (32),PT_Modular_Fence_Wood_02,(20.58, 0.07, -6.33),1,Polytope Studio/ PT_Medieval Buildings Shader PBR,348
Rock_06_LOD2,Rock_06_LOD2,(-2.38, -1.14, 23.78),1,Mobile/Bumped Diffuse,188
Rock_06_LOD1,Rock_06_LOD1,(-2.38, -1.14, 23.78),1,Mobile/Bumped Diffuse,396
Rock_06_LOD0,Rock_06_LOD0,(-2.38, -1.14, 23.78),1,Mobile/Bumped Diffuse,838
Rock_06,N/A,(-2.30, -1.04, 23.98),0,,N/A
PT_Grass_02_LOD2,PT_Grass_02_LOD2,(25.00, -0.05, 20.20),1,Mobile/Bumped Diffuse,18
PT_Grass_02 (37),N/A,(25.00, -0.05, 20.20),0,,N/A
Fern3 (11),Fern3,(-18.11, 0.11, -10.50),1,Standard (Specular setup),276
PT_Modular_Fence_Wood_02 (23),PT_Modular_Fence_Wood_02,(20.58, 0.07, -11.57),1,Polytope Studio/ PT_Medieval Buildings Shader PBR,348
PT_Grass_02_LOD2,PT_Grass_02_LOD2,(26.90, -0.05, 19.77),1,Mobile/Bumped Diffuse,18
PT_Grass_02 (46),N/A,(26.90, -0.05, 19.77),0,,N/A
PT_Modular_Fence_Wood_02 (27),PT_Modular_Fence_Wood_02,(20.58, 0.07, -9.26),1,Polytope Studio/ PT_Medieval Buildings Shader PBR,348
Fern3 (5),Fern3,(-32.23, 0.11, -6.84),1,Standard (Specular setup),276
Oak_tree3,Oak_tree3,(9.03, 0.23, 12.06),2,Mobile/Bumped Diffuse,Mobile/Bumped Diffuse,1171
PT_River_Rock_Pile_02_LOD2,PT_River_Rock_Pile_02_LOD2,(-5.65, 0.11, 21.72),1,Mobile/Bumped Diffuse,83
PT_River_Rock_Pile_02_LOD1,PT_River_Rock_Pile_02_LOD1,(-5.65, 0.11, 21.72),1,Mobile/Bumped Diffuse,163
PT_River_Rock_Pile_02_LOD0,PT_River_Rock_Pile_02_LOD0,(-5.65, 0.11, 21.72),1,Mobile/Bumped Diffuse,302
PT_River_Rock_Pile_02 (3),N/A,(-5.65, 0.11, 21.72),0,,N/A
Flower2 (3),Flower2,(-24.80, 0.03, -27.81),1,Standard (Specular setup),62
Rock_05_LOD2,Rock_05_LOD2,(10.55, -0.91, 21.56),1,Mobile/Bumped Diffuse,218
Rock_05_LOD1,Rock_05_LOD1,(10.55, -0.91, 21.56),1,Mobile/Bumped Diffuse,442
Rock_05_LOD0,Rock_05_LOD0,(10.55, -0.91, 21.56),1,Mobile/Bumped Diffuse,916
Rock_05 (6),N/A,(10.55, -0.91, 21.56),0,,N/A
PT_Grass_02_LOD2,PT_Grass_02_LOD2,(27.73, -0.05, 19.63),1,Mobile/Bumped Diffuse,18
PT_Grass_02 (43),N/A,(27.73, -0.05, 19.63),0,,N/A
Oak_tree3,Oak_tree3,(28.12, 0.25, 6.58),2,Mobile/Bumped Diffuse,Mobile/Bumped Diffuse,1171
PT_Grass_02_LOD2,PT_Grass_02_LOD2,(27.24, -0.05, 18.67),1,Mobile/Bumped Diffuse,18
PT_Grass_02 (49),N/A,(27.24, -0.05, 18.67),0,,N/A
Rock_03_LOD0,Rock_03_LOD0,(-25.66, 0.12, -30.19),1,Mobile/Bumped Diffuse,876
Rock_03 (1),N/A,(-25.66, 0.12, -30.19),0,,N/A
PT_Poppy_02_LOD2,PT_Poppy_02_LOD2,(-32.54, 0.04, -16.51),1,Mobile/Bumped Diffuse,25
PT_Poppy_02_LOD1,PT_Poppy_02_LOD1,(-32.54, 0.04, -16.51),1,Mobile/Bumped Diffuse,40
PT_Poppy_02_LOD0,PT_Poppy_02_LOD0,(-32.54, 0.04, -16.51),1,Mobile/Bumped Diffuse,71
PT_Poppy_02 (12),N/A,(-32.54, 0.04, -16.51),0,,N/A
Plant4 (14),Plant4,(-21.62, 0.12, -12.20),1,Standard (Specular setup),84
PT_Grass_02_LOD2,PT_Grass_02_LOD2,(20.54, -0.05, 20.36),1,Mobile/Bumped Diffuse,18
PT_Grass_02 (1),N/A,(20.54, -0.05, 20.36),0,,N/A
Mushroom4 (3),Mushroom4,(-16.77, 0.14, -10.83),1,Standard (Specular setup),264
Flower2 (2),Flower2,(-24.83, 0.03, -27.95),1,Standard (Specular setup),62
PT_Poppy_02_LOD2,PT_Poppy_02_LOD2,(-22.76, 0.07, -11.75),1,Mobile/Bumped Diffuse,25
PT_Poppy_02_LOD1,PT_Poppy_02_LOD1,(-22.76, 0.07, -11.75),1,Mobile/Bumped Diffuse,40
PT_Poppy_02_LOD0,PT_Poppy_02_LOD0,(-22.76, 0.07, -11.75),1,Mobile/Bumped Diffuse,71
PT_Poppy_02 (36),N/A,(-22.76, 0.07, -11.75),0,,N/A
PT_Poppy_02_LOD2,PT_Poppy_02_LOD2,(28.62, 0.06, -10.89),1,Mobile/Bumped Diffuse,25
PT_Poppy_02_LOD1,PT_Poppy_02_LOD1,(28.62, 0.06, -10.89),1,Mobile/Bumped Diffuse,40
PT_Poppy_02_LOD0,PT_Poppy_02_LOD0,(28.62, 0.06, -10.89),1,Mobile/Bumped Diffuse,71
PT_Poppy_02 (49),N/A,(28.62, 0.06, -10.89),0,,N/A
Plant1 (2),Plant1,(12.33, -2.26, 14.54),1,Standard (Specular setup),50
PT_Grass_02_LOD2,PT_Grass_02_LOD2,(22.39, -0.05, 22.10),1,Mobile/Bumped Diffuse,18
PT_Grass_02 (80),N/A,(22.39, -0.05, 22.10),0,,N/A
PT_Grass_02_LOD2,PT_Grass_02_LOD2,(25.66, -0.05, 22.19),1,Mobile/Bumped Diffuse,18
PT_Grass_02 (30),N/A,(25.66, -0.05, 22.19),0,,N/A
Flower8 (8),Flower8,(21.24, 0.11, -5.92),1,Standard (Specular setup),111
Rock_03_LOD0,Rock_03_LOD0,(-32.85, 0.14, -6.01),1,Mobile/Bumped Diffuse,876
Rock_03 (5),N/A,(-32.85, 0.14, -6.01),0,,N/A
PT_Poppy_02_LOD2,PT_Poppy_02_LOD2,(-17.25, 0.06, -11.04),1,Mobile/Bumped Diffuse,25
PT_Poppy_02_LOD1,PT_Poppy_02_LOD1,(-17.25, 0.06, -11.04),1,Mobile/Bumped Diffuse,40
PT_Poppy_02_LOD0,PT_Poppy_02_LOD0,(-17.25, 0.06, -11.04),1,Mobile/Bumped Diffuse,71
PT_Poppy_02 (22),N/A,(-17.25, 0.06, -11.04),0,,N/A
Willow_tree2,Willow_tree2,(22.28, 0.22, 20.56),2,Mobile/Bumped Diffuse,Mobile/Bumped Diffuse,1240
PT_Grass_02_LOD2,PT_Grass_02_LOD2,(24.06, -0.05, 20.63),1,Mobile/Bumped Diffuse,18
PT_Grass_02 (27),N/A,(24.06, -0.05, 20.63),0,,N/A
PT_Grass_02_LOD2,PT_Grass_02_LOD2,(28.06, -0.05, 17.71),1,Mobile/Bumped Diffuse,18
PT_Grass_02 (62),N/A,(28.06, -0.05, 17.71),0,,N/A
Plant4 (3),Plant4,(-32.51, 0.12, -9.77),1,Standard (Specular setup),84
Plant4 (11),Plant4,(-15.89, 0.12, -11.13),1,Standard (Specular setup),84
PT_Poppy_02_LOD2,PT_Poppy_02_LOD2,(-24.91, 0.06, -13.92),1,Mobile/Bumped Diffuse,25
PT_Poppy_02_LOD1,PT_Poppy_02_LOD1,(-24.91, 0.06, -13.92),1,Mobile/Bumped Diffuse,40
PT_Poppy_02_LOD0,PT_Poppy_02_LOD0,(-24.91, 0.06, -13.92),1,Mobile/Bumped Diffuse,71
PT_Poppy_02 (32),N/A,(-24.91, 0.06, -13.92),0,,N/A
PT_Poppy_02_LOD2,PT_Poppy_02_LOD2,(-16.46, 0.06, -6.84),1,Mobile/Bumped Diffuse,25
PT_Poppy_02_LOD1,PT_Poppy_02_LOD1,(-16.46, 0.06, -6.84),1,Mobile/Bumped Diffuse,40
PT_Poppy_02_LOD0,PT_Poppy_02_LOD0,(-16.46, 0.06, -6.84),1,Mobile/Bumped Diffuse,71
PT_Poppy_02 (25),N/A,(-16.46, 0.06, -6.84),0,,N/A
PT_Grass_02_LOD2,PT_Grass_02_LOD2,(27.01, -0.05, 21.40),1,Mobile/Bumped Diffuse,18
PT_Grass_02 (12),N/A,(27.01, -0.05, 21.40),0,,N/A
PT_Grass_02_LOD2,PT_Grass_02_LOD2,(22.78, -0.05, 21.40),1,Mobile/Bumped Diffuse,18
PT_Grass_02 (14),N/A,(22.78, -0.05, 21.40),0,,N/A
Rock_03_LOD0,Rock_03_LOD0,(28.37, 0.12, -12.49),1,Mobile/Bumped Diffuse,876
Rock_03 (7),N/A,(28.37, 0.12, -12.49),0,,N/A
Rock_03_LOD0,Rock_03_LOD0,(-25.17, 0.12, -30.21),1,Mobile/Bumped Diffuse,876
Rock_03,N/A,(-25.17, 0.12, -30.21),0,,N/A
Flower3 (1),Flower3,(-30.26, 0.11, -29.35),1,Standard (Specular setup),62
Rock_05_LOD2,Rock_05_LOD2,(-10.10, -2.26, 22.36),1,Mobile/Bumped Diffuse,218
Rock_05_LOD1,Rock_05_LOD1,(-10.10, -2.26, 22.36),1,Mobile/Bumped Diffuse,442
Rock_05_LOD0,Rock_05_LOD0,(-10.10, -2.26, 22.36),1,Mobile/Bumped Diffuse,916
Rock_05,N/A,(-10.10, -2.26, 22.36),0,,N/A
Mushroom4 (2),Mushroom4,(-17.36, 0.14, -10.44),1,Standard (Specular setup),264
Plant4 (17),Plant4,(-18.88, 0.12, -11.51),1,Standard (Specular setup),84
Rock_03_LOD0,Rock_03_LOD0,(28.79, 0.13, -10.02),1,Mobile/Bumped Diffuse,876
Rock_03 (9),N/A,(28.79, 0.13, -10.02),0,,N/A
PT_Poppy_02_LOD2,PT_Poppy_02_LOD2,(-24.92, 0.06, -28.61),1,Mobile/Bumped Diffuse,25
PT_Poppy_02_LOD1,PT_Poppy_02_LOD1,(-24.92, 0.06, -28.61),1,Mobile/Bumped Diffuse,40
PT_Poppy_02_LOD0,PT_Poppy_02_LOD0,(-24.92, 0.06, -28.61),1,Mobile/Bumped Diffuse,71
PT_Poppy_02 (7),N/A,(-24.92, 0.06, -28.61),0,,N/A
PT_Grass_02_LOD2,PT_Grass_02_LOD2,(26.51, -0.05, 19.77),1,Mobile/Bumped Diffuse,18
PT_Grass_02 (57),N/A,(26.51, -0.05, 19.77),0,,N/A
PT_Caesars_Mushroom_01 (3),PT_Caesars_Mushroom_01,(-32.18, 0.09, -5.98),1,Polytope Studio/PT_Vegetation_Opaque_Shader,64
Plant4,Plant4,(-32.29, 0.12, -8.39),1,Standard (Specular setup),84
Rock_02_LOD2,Rock_02_LOD2,(-22.98, 0.84, -12.58),1,Mobile/Bumped Diffuse,222
Rock_02_LOD1,Rock_02_LOD1,(-22.98, 0.84, -12.58),1,Mobile/Bumped Diffuse,466
Rock_02_LOD0 ,Rock_02_LOD0 ,(-22.98, 0.84, -12.58),1,Mobile/Bumped Diffuse,846
Rock_02 (2),N/A,(-22.88, 0.81, -12.61),0,,N/A
PT_Grass_02_LOD2,PT_Grass_02_LOD2,(27.57, -0.05, 17.07),1,Mobile/Bumped Diffuse,18
PT_Grass_02 (65),N/A,(27.57, -0.05, 17.07),0,,N/A
PT_Fruit_Tree_01_pears_LOD2,PT_Fruit_Tree_01_pears_LOD2,(-25.21, 0.11, -4.83),2,Mobile/Bumped Diffuse,Mobile/Bumped Diffuse,917
PT_Fruit_Tree_01_pears_LOD1,PT_Fruit_Tree_01_pears_LOD1,(-25.21, 0.11, -4.83),2,Mobile/Bumped Diffuse,Mobile/Bumped Diffuse,1781
PT_Fruit_Tree_01_pears_LOD0,PT_Fruit_Tree_01_pears_LOD0,(-25.21, 0.11, -4.83),2,Mobile/Bumped Diffuse,Mobile/Bumped Diffuse,2870
PT_Fruit_Tree_01_pears (1),N/A,(-25.21, 0.11, -4.83),0,,N/A
Flower2,Flower2,(-26.04, 0.03, -29.97),1,Standard (Specular setup),62
PT_Modular_Fence_Wood_02 (25),PT_Modular_Fence_Wood_02,(20.58, 0.07, -10.42),1,Polytope Studio/ PT_Medieval Buildings Shader PBR,348
PT_River_Rock_Pile_02_LOD2,PT_River_Rock_Pile_02_LOD2,(-32.14, 0.12, -21.46),1,Mobile/Bumped Diffuse,83
PT_River_Rock_Pile_02_LOD1,PT_River_Rock_Pile_02_LOD1,(-32.14, 0.12, -21.46),1,Mobile/Bumped Diffuse,163
PT_River_Rock_Pile_02_LOD0,PT_River_Rock_Pile_02_LOD0,(-32.14, 0.12, -21.46),1,Mobile/Bumped Diffuse,302
PT_River_Rock_Pile_02 (1),N/A,(-32.14, 0.12, -21.46),0,,N/A
Rock_02_LOD2,Rock_02_LOD2,(-18.38, 0.25, -12.01),1,Mobile/Bumped Diffuse,222
Rock_02_LOD1,Rock_02_LOD1,(-18.38, 0.25, -12.01),1,Mobile/Bumped Diffuse,466
Rock_02_LOD0 ,Rock_02_LOD0 ,(-18.38, 0.25, -12.01),1,Mobile/Bumped Diffuse,846
Rock_02 (1),N/A,(-18.37, 0.26, -11.94),0,,N/A
Rock_04_LOD2,Rock_04_LOD2,(0.32, -1.06, 20.47),1,Mobile/Bumped Diffuse,258
Rock_04_LOD1,Rock_04_LOD1,(0.32, -1.06, 20.47),1,Mobile/Bumped Diffuse,458
Rock_04_LOD0,Rock_04_LOD0,(0.32, -1.06, 20.47),1,Mobile/Bumped Diffuse,996
Rock_04 (1),N/A,(0.32, -1.06, 20.47),0,,N/A
Rock_04_LOD2,Rock_04_LOD2,(-9.46, 1.09, -3.56),1,Mobile/Bumped Diffuse,258
Rock_04_LOD1,Rock_04_LOD1,(-9.46, 1.09, -3.56),1,Mobile/Bumped Diffuse,458
Rock_04_LOD0,Rock_04_LOD0,(-9.46, 1.09, -3.56),1,Mobile/Bumped Diffuse,996
Rock_04 (1),N/A,(-9.46, 1.09, -3.56),0,,N/A
Willow_tree2 (1),Willow_tree2,(-6.87, -0.51, 20.56),2,Mobile/Bumped Diffuse,Mobile/Bumped Diffuse,1240
PT_Poppy_02_LOD2,PT_Poppy_02_LOD2,(-23.21, 0.06, -4.78),1,Mobile/Bumped Diffuse,25
PT_Poppy_02_LOD1,PT_Poppy_02_LOD1,(-23.21, 0.06, -4.78),1,Mobile/Bumped Diffuse,40
PT_Poppy_02_LOD0,PT_Poppy_02_LOD0,(-23.21, 0.06, -4.78),1,Mobile/Bumped Diffuse,71
PT_Poppy_02 (51),N/A,(-23.21, 0.06, -4.78),0,,N/A
Rock_02_LOD2,Rock_02_LOD2,(25.31, 0.30, -12.46),1,Mobile/Bumped Diffuse,222
Rock_02_LOD1,Rock_02_LOD1,(25.31, 0.30, -12.46),1,Mobile/Bumped Diffuse,466
Rock_02_LOD0 ,Rock_02_LOD0 ,(25.31, 0.30, -12.46),1,Mobile/Bumped Diffuse,846
Rock_02 (3),N/A,(25.32, 0.31, -12.39),0,,N/A
Rock_01_LOD2,Rock_01_LOD2,(-24.71, 0.16, -24.51),1,Mobile/Bumped Diffuse,228
Rock_01_LOD1,Rock_01_LOD1,(-24.71, 0.16, -24.51),1,Mobile/Bumped Diffuse,472
Rock_01_LOD0,Rock_01_LOD0,(-24.71, 0.16, -24.51),1,Mobile/Bumped Diffuse,864
Rock_01 (1),N/A,(-24.71, 0.18, -24.52),0,,N/A
Rock_03_LOD0,Rock_03_LOD0,(-30.94, 0.14, -5.76),1,Mobile/Bumped Diffuse,876
Rock_03 (6),N/A,(-30.94, 0.14, -5.76),0,,N/A
PT_River_Rock_Pile_02_LOD2,PT_River_Rock_Pile_02_LOD2,(-3.71, 0.11, 13.44),1,Mobile/Bumped Diffuse,83
PT_River_Rock_Pile_02_LOD1,PT_River_Rock_Pile_02_LOD1,(-3.71, 0.11, 13.44),1,Mobile/Bumped Diffuse,163
PT_River_Rock_Pile_02_LOD0,PT_River_Rock_Pile_02_LOD0,(-3.71, 0.11, 13.44),1,Mobile/Bumped Diffuse,302
PT_River_Rock_Pile_02 (7),N/A,(-3.71, 0.11, 13.44),0,,N/A
PT_Modular_Fence_Wood_02 (28),PT_Modular_Fence_Wood_02,(20.58, 0.07, -8.67),1,Polytope Studio/ PT_Medieval Buildings Shader PBR,348
Flower3 (2),Flower3,(-26.22, 0.11, -29.53),1,Standard (Specular setup),62
hands:b_r_thumb_ignore,N/A,(-29.00, 1.21, -28.59),0,,N/A
hands:b_r_thumb3,N/A,(-28.99, 1.21, -28.62),0,,N/A
hands:b_r_thumb2,N/A,(-28.99, 1.22, -28.65),0,,N/A
hands:b_r_thumb1,N/A,(-28.98, 1.21, -28.68),0,,N/A
hands:b_r_ring_ignore,N/A,(-28.95, 1.12, -28.56),0,,N/A
hands:b_r_ring3,N/A,(-28.94, 1.13, -28.58),0,,N/A
hands:b_r_ring2,N/A,(-28.93, 1.13, -28.61),0,,N/A
hands:b_r_ring1,N/A,(-28.93, 1.15, -28.64),0,,N/A
hands:b_r_pinky_ignore,N/A,(-28.96, 1.11, -28.59),0,,N/A
hands:b_r_pinky3,N/A,(-28.95, 1.11, -28.61),0,,N/A
hands:b_r_pinky2,N/A,(-28.94, 1.12, -28.62),0,,N/A
hands:b_r_pinky1,N/A,(-28.94, 1.13, -28.65),0,,N/A
hands:b_r_pinky0,N/A,(-28.96, 1.15, -28.70),0,,N/A
hands:b_r_middle_ignore,N/A,(-28.94, 1.15, -28.54),0,,N/A
hands:b_r_middle3,N/A,(-28.93, 1.16, -28.57),0,,N/A
hands:b_r_middle2,N/A,(-28.92, 1.16, -28.59),0,,N/A
hands:b_r_middle1,N/A,(-28.93, 1.17, -28.64),0,,N/A
hands:b_r_index_ignore,N/A,(-28.95, 1.18, -28.55),0,,N/A
hands:b_r_index3,N/A,(-28.94, 1.19, -28.57),0,,N/A
hands:b_r_index2,N/A,(-28.93, 1.19, -28.59),0,,N/A
hands:b_r_index1,N/A,(-28.93, 1.20, -28.63),0,,N/A
hands:b_r_hand_ignore,N/A,(-28.92, 1.15, -28.60),0,,N/A
hands:b_r_grip,N/A,(-28.96, 1.18, -28.65),0,,N/A
hands:b_r_hand,N/A,(-28.96, 1.18, -28.72),0,,N/A
hands:r_hand_world,N/A,(-28.96, 1.18, -28.72),0,,N/A
hands:Rhand,hands:Rhand,(-28.99, 1.20, -28.64),1,Standard,1678
hands:hands_geom,N/A,(-28.99, 1.20, -28.64),0,,N/A
Fern1 (1),Fern1,(-32.26, -0.07, -17.18),1,Standard (Specular setup),6
Flower3,Flower3,(-28.10, 0.11, -29.35),1,Standard (Specular setup),62
Flower4,Flower4,(6.42, -2.74, 16.84),1,Standard (Specular setup),4
Flower4 (1),Flower4,(6.36, -2.81, 24.86),1,Standard (Specular setup),4
Rock_06_LOD2,Rock_06_LOD2,(1.59, -1.01, 14.35),1,Mobile/Bumped Diffuse,188
Rock_06_LOD1,Rock_06_LOD1,(1.59, -1.01, 14.35),1,Mobile/Bumped Diffuse,396
Rock_06_LOD0,Rock_06_LOD0,(1.59, -1.01, 14.35),1,Mobile/Bumped Diffuse,838
Rock_06 (1),N/A,(1.67, -1.07, 14.39),0,,N/A
Fern1,Fern1,(-32.64, -0.07, -17.18),1,Standard (Specular setup),6
PT_River_Rock_Pile_02_LOD2,PT_River_Rock_Pile_02_LOD2,(-4.83, 0.12, 13.80),1,Mobile/Bumped Diffuse,83
PT_River_Rock_Pile_02_LOD1,PT_River_Rock_Pile_02_LOD1,(-4.83, 0.12, 13.80),1,Mobile/Bumped Diffuse,163
PT_River_Rock_Pile_02_LOD0,PT_River_Rock_Pile_02_LOD0,(-4.83, 0.12, 13.80),1,Mobile/Bumped Diffuse,302
PT_River_Rock_Pile_02 (6),N/A,(-4.83, 0.12, 13.80),0,,N/A
PT_Grass_02_LOD2,PT_Grass_02_LOD2,(25.92, -0.05, 20.20),1,Mobile/Bumped Diffuse,18
PT_Grass_02 (42),N/A,(25.92, -0.05, 20.20),0,,N/A
PT_Grass_02_LOD2,PT_Grass_02_LOD2,(25.12, -0.05, 21.40),1,Mobile/Bumped Diffuse,18
PT_Grass_02 (25),N/A,(25.12, -0.05, 21.40),0,,N/A
Deciduous_tree4,Deciduous_tree4,(28.04, -1.19, 14.49),2,Mobile/Bumped Diffuse,Mobile/Bumped Diffuse,1170
PT_Fruit_Tree_01_plums_LOD2,PT_Fruit_Tree_01_plums_LOD2,(-32.54, 0.11, -7.94),2,Mobile/Bumped Diffuse,Mobile/Bumped Diffuse,917
PT_Fruit_Tree_01_plums_LOD1,PT_Fruit_Tree_01_plums_LOD1,(-32.54, 0.11, -7.94),2,Mobile/Bumped Diffuse,Mobile/Bumped Diffuse,1593
PT_Fruit_Tree_01_plums_LOD0,PT_Fruit_Tree_01_plums_LOD0,(-32.54, 0.11, -7.94),2,Mobile/Bumped Diffuse,Mobile/Bumped Diffuse,2678
PT_Fruit_Tree_01_plums (2),N/A,(-32.54, 0.11, -7.94),0,,N/A
PT_Poppy_02_LOD2,PT_Poppy_02_LOD2,(-25.63, 0.06, -21.29),1,Mobile/Bumped Diffuse,25
PT_Poppy_02_LOD1,PT_Poppy_02_LOD1,(-25.63, 0.06, -21.29),1,Mobile/Bumped Diffuse,40
PT_Poppy_02_LOD0,PT_Poppy_02_LOD0,(-25.63, 0.06, -21.29),1,Mobile/Bumped Diffuse,71
PT_Poppy_02 (2),N/A,(-25.63, 0.06, -21.29),0,,N/A
PT_Grass_02_LOD2,PT_Grass_02_LOD2,(20.00, -0.05, 21.65),1,Mobile/Bumped Diffuse,18
PT_Grass_02 (90),N/A,(20.00, -0.05, 21.65),0,,N/A
PT_Poppy_02_LOD2,PT_Poppy_02_LOD2,(-31.95, 0.06, -21.60),1,Mobile/Bumped Diffuse,25
PT_Poppy_02_LOD1,PT_Poppy_02_LOD1,(-31.95, 0.06, -21.60),1,Mobile/Bumped Diffuse,40
PT_Poppy_02_LOD0,PT_Poppy_02_LOD0,(-31.95, 0.06, -21.60),1,Mobile/Bumped Diffuse,71
PT_Poppy_02 (14),N/A,(-31.95, 0.06, -21.60),0,,N/A
Flower2 (16),Flower2,(21.49, 0.03, -9.90),1,Standard (Specular setup),62
PT_Grass_02_LOD2,PT_Grass_02_LOD2,(28.11, 0.05, 16.07),1,Mobile/Bumped Diffuse,18
PT_Grass_02 (99),N/A,(28.11, 0.05, 16.07),0,,N/A
PT_Grass_02_LOD2,PT_Grass_02_LOD2,(26.35, -0.05, 20.18),1,Mobile/Bumped Diffuse,18
PT_Grass_02 (45),N/A,(26.35, -0.05, 20.18),0,,N/A
PT_Grass_02_LOD2,PT_Grass_02_LOD2,(24.39, -0.05, 20.77),1,Mobile/Bumped Diffuse,18
PT_Grass_02 (34),N/A,(24.39, -0.05, 20.77),0,,N/A
Fern3 (17),Fern3,(-24.37, 0.07, -4.94),1,Standard (Specular setup),276
PT_River_Rock_Pile_02_LOD2,PT_River_Rock_Pile_02_LOD2,(-6.67, 0.12, 22.04),1,Mobile/Bumped Diffuse,83
PT_River_Rock_Pile_02_LOD1,PT_River_Rock_Pile_02_LOD1,(-6.67, 0.12, 22.04),1,Mobile/Bumped Diffuse,163
PT_River_Rock_Pile_02_LOD0,PT_River_Rock_Pile_02_LOD0,(-6.67, 0.12, 22.04),1,Mobile/Bumped Diffuse,302
PT_River_Rock_Pile_02 (2),N/A,(-6.67, 0.12, 22.04),0,,N/A
PT_Grass_02_LOD2,PT_Grass_02_LOD2,(26.53, -0.05, 20.20),1,Mobile/Bumped Diffuse,18
PT_Grass_02 (38),N/A,(26.53, -0.05, 20.20),0,,N/A
Lemon Tree 4 (3),Lemon Tree 4 no fruits,(20.54, 0.23, -12.79),2,Mobile/Bumped Diffuse,Mobile/Bumped Diffuse,1038
Flower8 (5),Flower8,(21.57, 0.11, -11.67),1,Standard (Specular setup),111
Mushroom4 (4),Mushroom4,(-16.13, 0.14, -9.19),1,Standard (Specular setup),264
Lemon Tree 4 (22),Lemon Tree 4 no fruits,(-30.60, 0.42, -5.21),2,Mobile/Bumped Diffuse,Mobile/Bumped Diffuse,1038
Lemon Tree 4 (16),Lemon Tree 4 no fruits,(-16.51, 0.42, -6.97),2,Mobile/Bumped Diffuse,Mobile/Bumped Diffuse,1038
PT_Poppy_02_LOD2,PT_Poppy_02_LOD2,(-24.91, 0.06, -15.13),1,Mobile/Bumped Diffuse,25
PT_Poppy_02_LOD1,PT_Poppy_02_LOD1,(-24.91, 0.06, -15.13),1,Mobile/Bumped Diffuse,40
PT_Poppy_02_LOD0,PT_Poppy_02_LOD0,(-24.91, 0.06, -15.13),1,Mobile/Bumped Diffuse,71
PT_Poppy_02 (29),N/A,(-24.91, 0.06, -15.13),0,,N/A
Flower8 (9),Flower8,(20.76, 0.11, -4.54),1,Standard (Specular setup),111
Flower5,Flower5,(-32.05, 0.10, -21.90),1,Standard (Specular setup),154
Rock1 (4),Rock1,(21.19, 0.10, -11.45),1,Mobile/Bumped Diffuse,658
Colisor_Desafio_4,N/A,(-0.63, 0.15, 17.74),0,,N/A
Ladrilho(1) (6),Cube,(-4.73, 0.11, 1.75),1,Mobile/Bumped Diffuse,12
LeftHand Controller,N/A,(-29.00, 1.20, -28.60),1,Legacy Shaders/Particles/Alpha Blended Premultiply,N/A
FUNDO_PONTE,Plane,(7.63, 0.03, 17.89),1,Standard,200
Main Camera,N/A,(-29.00, 1.20, -28.60),0,,N/A
Floresta2,N/A,(-7.06, -1.99, -13.71),0,,N/A
Lagoa,N/A,(2.67, -11.92, 9.26),0,,N/A
Transform_Acao_2,N/A,(11.36, 1.31, 17.75),0,,N/A
Ladrilho_Acao(6),Cube,(11.87, 0.11, 4.82),1,Mobile/Bumped Diffuse,12
Point Light,N/A,(-5.64, 0.07, 17.68),0,,N/A
Colisor_Acao_2,N/A,(24.18, 0.15, 16.12),0,,N/A
Ladrilho(1) (4),Cube,(-22.71, 0.04, -9.10),1,Mobile/Bumped Diffuse,12
Tabuleiro_Alt,N/A,(6.20, 0.11, -10.44),0,,N/A
Ponte,N/A,(9.18, 0.61, 27.03),0,,N/A
WoodenParkChair,ParkChair1,(-32.15, 0.10, -25.61),1,Legacy Shaders/Bumped Diffuse,336
DiceModel,Dice_d6_LP,(-29.10, 1.40, -26.90),1,Standard (Specular setup),44
Colisor_Desafio_4,N/A,(-12.43, 0.15, 17.68),0,,N/A
Transform_Desafio_4,N/A,(16.40, 1.31, 17.75),0,,N/A
Camera Offset,N/A,(-29.00, 1.20, -28.60),0,,N/A
Transform_Acao_2,N/A,(24.20, 1.31, 15.43),0,,N/A
Ladrilho(,Cube,(-19.44, 0.04, 13.37),1,Mobile/Bumped Diffuse,12
Point Light,N/A,(25.05, 0.07, 7.95),0,,N/A
Ladrilho_Acao(7),Cube,(24.18, 0.04, 16.12),1,Mobile/Bumped Diffuse,12
Ladrilho(1) (15),Cube,(-19.44, 0.04, 6.15),1,Mobile/Bumped Diffuse,12
Ladrilho_Desafio(2),Cube,(-26.72, 0.04, -9.09),1,Mobile/Bumped Diffuse,12
Ladrilho_Desafio(1),Cube,(-28.72, 0.04, -22.88),1,Mobile/Bumped Diffuse,12
Left Hand Model,N/A,(-29.01, 1.20, -28.63),0,,N/A
ArvoresJ aqui,N/A,(-30.12, -1.99, -31.43),0,,N/A
PT_Poppy_02_LOD1 (2),PT_Poppy_02_LOD1,(-21.69, 0.06, -11.58),1,Mobile/Bumped Diffuse,40
Single,Cube,(0.00, 0.00, 0.00),1,Mobile/Bumped Diffuse,12
Ladrilho(1) (10),Cube,(20.54, 0.04, 17.74),1,Mobile/Bumped Diffuse,12
Right Hand Model,N/A,(-28.99, 1.20, -28.64),0,,N/A
Colisor_Desafio_4,N/A,(-19.44, 0.15, 1.63),0,,N/A
Colisor_Desafio_4,N/A,(25.05, 0.15, 7.95),0,,N/A
Ladrilho(1) (08),Cube,(17.76, 0.11, 8.52),1,Mobile/Bumped Diffuse,12
PawnModel,Pawn,(-26.40, 0.00, -26.07),1,Standard,204
Ladrilho(1) (11),Cube,(25.05, 0.04, 12.97),1,Mobile/Bumped Diffuse,12
Point Light,N/A,(-26.72, 0.07, -9.09),0,,N/A
Directional Light,N/A,(25.00, 25.00, 25.00),0,,N/A
Colisor_Desafio_4,N/A,(15.02, 0.22, 8.30),0,,N/A
Ladrilho(1) (13),Cube,(25.05, 0.04, -5.23),1,Mobile/Bumped Diffuse,12
Point Light,N/A,(-0.63, 0.07, 17.74),0,,N/A
Point Light,N/A,(10.75, 0.07, 17.74),0,,N/A
Ladrilho(1) (8),Cube,(4.98, 0.04, 17.74),1,Mobile/Bumped Diffuse,12
Banco (1),N/A,(-19.09, 0.81, -15.23),0,,N/A
Lagoa,N/A,(-30.12, -1.99, -31.43),0,,N/A
Ladrilho_Acao(8),Cube,(25.05, 0.04, 3.56),1,Mobile/Bumped Diffuse,12
Point Light,N/A,(15.02, 0.14, 8.30),0,,N/A
Ladrilho_Acao(2),Cube,(-19.44, 0.04, -9.10),1,Mobile/Bumped Diffuse,12
Transform_Acao_2,N/A,(-19.80, 1.31, 18.36),0,,N/A
Ladrilho_Desafio(7),Cube,(1.63, 0.11, 3.11),1,Mobile/Bumped Diffuse,12
Transform_Desafio_4,N/A,(15.64, 1.38, 8.31),0,,N/A
WoodenParkChair (1),ParkChair1,(25.22, 0.05, -10.73),1,Legacy Shaders/Bumped Diffuse,336
Environment,N/A,(0.00, 0.00, 0.00),0,,N/A
MOVE,N/A,(50.00, 50.00, 50.00),0,,N/A
WhitePawn,N/A,(-26.40, 0.00, -26.07),0,,N/A
Transform_Desafio_2,N/A,(-26.04, 1.31, -9.08),0,,N/A
Colisor_Acao_6,N/A,(10.75, 0.15, 17.74),0,,N/A
Head,N/A,(-26.60, 0.00, -25.73),0,,N/A
Colisor_Acao_6,N/A,(-19.79, 0.15, 17.68),0,,N/A
Ladrilho_Desafio(3),Cube,(-19.44, 0.04, -6.17),1,Mobile/Bumped Diffuse,12
BlackPawn,N/A,(-26.60, 0.00, -25.73),0,,N/A
Transform_Desafio_4,N/A,(-19.45, 1.31, 2.40),0,,N/A
PT_Poppy_02_LOD1 (4),PT_Poppy_02_LOD1,(-21.87, 0.06, -11.44),1,Mobile/Bumped Diffuse,40
Dado,N/A,(-29.10, 1.40, -26.90),0,,N/A
Systems,N/A,(0.00, 0.00, 0.00),0,,N/A
XR Origin,N/A,(-29.00, 0.00, -28.60),0,,N/A
Grab,N/A,(-27.10, 0.00, -25.50),0,,N/A
Transform_Desafio_4,N/A,(25.06, 1.31, 7.18),0,,N/A
Colisor_Desafio_4,N/A,(1.63, 0.22, 3.11),0,,N/A
Banco,N/A,(-18.65, 0.81, -17.62),0,,N/A
DeckBoards_Set3 (1),DeckBoards_Set3,(-9.43, 0.03, 17.28),1,Standard,668
Ladrilho_Inicio,Cube,(-28.72, 0.04, -26.00),1,Mobile/Bumped Diffuse,12
Point Light,N/A,(-19.44, 0.07, -6.17),0,,N/A
Log,N/A,(50.00, 50.00, 50.00),0,,N/A
WindZone,N/A,(50.00, 50.00, 50.00),0,,N/A
Separators,Cube,(-14.06, 10.00, -10.97),1,Mobile/Bumped Diffuse,12
Ladrilho_Acao(1),Cube,(-28.72, 0.04, -12.83),1,Mobile/Bumped Diffuse,12
Colisor_Acao_2,N/A,(-19.44, 0.15, -9.10),0,,N/A
Ladrilho_Acao(9),Cube,(25.05, 0.04, -1.21),1,Mobile/Bumped Diffuse,12
Middle Anchor,N/A,(0.00, 0.00, 0.00),0,,N/A
Point Light,N/A,(-19.79, 0.07, 17.68),0,,N/A
Pedras,N/A,(7.92, 7.96, 4.41),0,,N/A
Alt_Caminho,N/A,(24.80, 0.11, 0.13),0,,N/A
Separators,Cube,(-1.05, 10.00, -6.09),1,Mobile/Bumped Diffuse,12
Point Light,N/A,(-28.72, 0.07, -12.83),0,,N/A
DeckBoards_Set1 (1),DeckBoards_Set1,(18.80, 0.03, 17.75),1,Standard,774
Point Light,N/A,(-1.73, 0.14, 2.39),0,,N/A
Transform_Acao_2,N/A,(25.07, 1.31, -1.90),0,,N/A
Ladrilho_Desafio(8),Cube,(15.02, 0.11, 8.30),1,Mobile/Bumped Diffuse,12
Tabuleiro,N/A,(-35.10, -7.48, -17.87),0,,N/A
ponto2,N/A,(-7.61, 0.11, -1.96),0,,N/A
InvisibleSeparators - out,N/A,(15.93, 10.00, -22.54),0,,N/A
Ladrilho(1) (1),Cube,(-28.72, 0.04, -17.78),1,Mobile/Bumped Diffuse,12
Point Light,N/A,(25.05, 0.07, -1.21),0,,N/A
Nest_03,N/A,(-16.61, 0.17, -11.38),0,,N/A
Colisor_Desafio_3,N/A,(-19.44, 0.15, -6.17),0,,N/A
Rock_04_LOD0 (1),Rock_04_LOD0,(20.10, -1.53, 23.09),1,Mobile/Bumped Diffuse,996
Point Light,N/A,(15.71, 0.07, 17.74),0,,N/A
Ambientes,N/A,(-30.12, -1.99, -31.43),0,,N/A
XR Interaction Manager,N/A,(0.00, 0.00, 0.00),0,,N/A
Body,N/A,(-26.40, 0.00, -26.07),0,,N/A
Pedras,N/A,(-30.12, -1.99, -31.43),0,,N/A
Ladrilho_Acao(5),Cube,(-5.64, 0.04, 17.68),1,Mobile/Bumped Diffuse,12
Ladrilho_Desafio(7),Cube,(-0.63, 0.04, 17.74),1,Mobile/Bumped Diffuse,12
Colisor_Desafio_4,N/A,(15.71, 0.15, 17.74),0,,N/A
Colisor_Acao_6,N/A,(11.87, 0.22, 4.82),0,,N/A
Point Light,N/A,(11.87, 0.14, 4.82),0,,N/A
Ladrilho_Final,Cube,(25.05, 0.04, -9.73),1,Mobile/Bumped Diffuse,12
Transform_Desafio_4,N/A,(-19.45, 1.31, 11.11),0,,N/A
Ladrilho_Acao(6),Cube,(10.75, 0.04, 17.74),1,Mobile/Bumped Diffuse,12
Ladrilho_Desafio(4),Cube,(-19.44, 0.04, 1.63),1,Mobile/Bumped Diffuse,12
Colisor_Acao_1,N/A,(-28.72, 0.15, -12.83),0,,N/A
Ladrilho_Desafio(8),Cube,(15.71, 0.04, 17.74),1,Mobile/Bumped Diffuse,12
Body,N/A,(-26.60, 0.00, -25.73),0,,N/A
Transform_Acao_2,N/A,(-5.03, 1.31, 17.69),0,,N/A
Ladrilho(1) (21),Cube,(-15.97, 0.04, 17.68),1,Mobile/Bumped Diffuse,12
Transform_Acao_2,N/A,(-1.18, 1.38, 2.41),0,,N/A
Separators,Cube,(16.03, 10.00, -21.24),1,Mobile/Bumped Diffuse,12
Locomotion,N/A,(50.00, 50.00, 50.00),0,,N/A
Transform_Desafio_4,N/A,(-11.74, 1.31, 17.69),0,,N/A
Point Light,N/A,(-19.44, 0.07, -9.10),0,,N/A
Transform_Desafio_4,N/A,(2.24, 1.38, 3.12),0,,N/A
Ladrilho_Acao(5),Cube,(-1.73, 0.11, 2.39),1,Mobile/Bumped Diffuse,12
Arvores,N/A,(-30.12, -1.99, -31.43),0,,N/A
Prontos,N/A,(-17.96, 5.90, -19.79),0,,N/A
Ladrilho_Desafio(5),Cube,(-19.44, 0.04, 10.34),1,Mobile/Bumped Diffuse,12
Floresta1,N/A,(-30.12, -1.99, -31.43),0,,N/A
Ladrilho_Desafio(6),Cube,(-12.43, 0.04, 17.68),1,Mobile/Bumped Diffuse,12
Ladrilho_Desafio(9),Cube,(25.05, 0.04, 7.95),1,Mobile/Bumped Diffuse,12
Separators,Cube,(11.20, 10.00, -7.29),1,Mobile/Bumped Diffuse,12
Colisor_Acao_2,N/A,(25.05, 0.15, -1.21),0,,N/A
Transform_Acao_2,N/A,(12.42, 1.38, 4.84),0,,N/A
Point Light,N/A,(25.05, 0.07, 3.56),0,,N/A
Colisor_Desafio_1,N/A,(-28.72, 0.15, -22.88),0,,N/A
Transform_Acao_2,N/A,(-19.45, 1.31, -8.42),0,,N/A
Transform_Desafio_1,N/A,(-28.74, 1.31, -22.20),0,,N/A
Point Light,N/A,(-28.72, 0.07, -22.88),0,,N/A
Point Light,N/A,(-19.44, 0.07, 1.63),0,,N/A
Rock_03_LOD0 (2),Rock_03_LOD0,(-32.75, 0.04, -5.26),1,Mobile/Bumped Diffuse,876
Colisor_Desafio_4,N/A,(-19.44, 0.15, 10.34),0,,N/A
Ladrilho(1) (6),Cube,(-9.38, 0.04, 17.68),1,Mobile/Bumped Diffuse,12
XR,N/A,(0.00, 0.00, 0.00),0,,N/A
Transform_Acao_2,N/A,(25.07, 1.31, 2.87),0,,N/A
Others,N/A,(0.00, 0.00, 0.00),0,,N/A
Colisor_Acao_6,N/A,(-5.64, 0.15, 17.68),0,,N/A
PT_Poppy_02_LOD1 (3),PT_Poppy_02_LOD1,(-21.69, 0.06, -11.44),1,Mobile/Bumped Diffuse,40
Nest_03 (1),N/A,(-32.78, 2.21, -22.43),0,,N/A
Banco,N/A,(-20.47, -2.30, -22.14),0,,N/A
Rock_03_LOD0 (1),Rock_03_LOD0,(-32.41, 0.11, -4.48),1,Mobile/Bumped Diffuse,876
Transform_Acao_1,N/A,(-28.74, 1.31, -12.15),0,,N/A
Point Light,N/A,(-12.43, 0.07, 17.68),0,,N/A
Colisor_Acao_2,N/A,(25.05, 0.15, 3.56),0,,N/A
Cylinder,Cylinder,(-14.39, 0.10, -1.98),1,Standard,80
Colisor_Final,N/A,(25.05, 0.16, -9.73),0,,N/A
Point Light,N/A,(1.63, 0.14, 3.11),0,,N/A
RightHand Controller,N/A,(-29.00, 1.20, -28.60),0,,N/A
Transform_Desafio_4,N/A,(0.06, 1.31, 17.75),0,,N/A
Player,N/A,(0.00, 0.00, 0.00),0,,N/A
PT_Poppy_02_LOD1 (1),PT_Poppy_02_LOD1,(-21.89, 0.06, -11.58),1,Mobile/Bumped Diffuse,40
Ladrilho_Acao(4),Cube,(-19.79, 0.04, 17.68),1,Mobile/Bumped Diffuse,12
Colisor_Desafio_2,N/A,(-26.72, 0.15, -9.09),0,,N/A
Transform_Desafio_2,N/A,(-19.45, 1.31, -5.40),0,,N/A
Head,N/A,(-26.40, 0.00, -26.07),0,,N/A
Separators,Cube,(-20.14, 10.00, -25.03),1,Mobile/Bumped Diffuse,12
Point Light,N/A,(24.18, 0.07, 16.12),0,,N/A
PawnModel,Pawn,(-26.60, 0.00, -25.73),1,Standard,204
Ladrilho(1) (7),Cube,(6.68, 0.11, 4.14),1,Mobile/Bumped Diffuse,12
ponto1,N/A,(-7.61, 0.11, 5.03),0,,N/A
GameObject (8),N/A,(36.92, 53.99, 34.32),0,,N/A
Colisor_Acao_6,N/A,(-1.73, 0.22, 2.39),0,,N/A
WoodenParkChair,ParkChair1,(-24.86, 0.10, -25.41),1,Legacy Shaders/Bumped Diffuse,336
Ladrilho(1) (23),Cube,(-19.44, 0.04, -2.68),1,Mobile/Bumped Diffuse,12
Point Light,N/A,(-19.44, 0.07, 10.34),0,,N/A
Ground,N/A,(0.00, 0.00, 0.00),0,,N/A
Pawns,N/A,(-26.50, 0.00, -25.90),0,,N/A
Arbustos,N/A,(-30.12, -1.99, -31.43),0,,N/A
